Nom;Auteur;Éditeur/imprimeur;Lieu édition;Lieu représenté;Formats;échelle;importance matérielle;type de carte;Année;Boîte;N°;ancienne cote1;ancienne cote2;date d'entrée;intérêt BM DOUAI;justification
Carte géologique de la France - Feuille 8 - Douai;A. Potier, Élie de Beaumont, B. de Chancourtois;Ch. Béranger;Paris, Liège;Douai - 59 (environs);115x61,5cm;;1 carte;géologique;1877;1;1;M4217;Car1;25/02/1975;oui;emprise géographique sur Douai
Carte géologique de la France - Feuille 30 - Lisieux;Loudin, Jacquot;Ch. Béranger;Paris, Liège;Lisieux - 14 (environs);115x61,5cm;1:80000;1 carte;géologique;1881;1;2;M4218;Car2;25/02/1975;non;emprise géographique hors de Douai/région
Carte géologique de la France - Feuille 69 - Nancy;Douvillé;Ch. Béranger;Paris, Liège;Nancy - 54 (environs);115x61,5cm;1:80000;1 carte;géologique;ca1877;1;3;M4219;Car3;25/02/1975;non;emprise géographique hors de Douai/région
Carte géologique de la France - Feuille 6 - Montreuil;Potier, Gosselet, Michel Lévy;Ch. Béranger;Paris, Liège;Montreuil-sur-Mer - 62 (environs);115x61,5cm;1:80000;1 carte;géologique;1906;1;4;M4220;Car4;25/02/1975;peut-être;emprise géographique dans la région (Pas-de-Calais)
Carte géologique de la France - Feuille 20 - Neufchâtel;A. de Lapparent, Paul Lemoine, Michel Lévy;Ch. Béranger;Paris, Liège;Neufchâtel - 62 (environs);115x61,5cm;1:80000;1 carte;géologique;ca1911;2;5;M4221;Car5;26/02/1975;peut-être;emprise géographique dans la région (Pas-de-Calais)
Carte géologique de la France - Feuille 261 - Bastia;E. Maury;Ch. Béranger;Paris, Liège;Bastia - 2B (environs);115x61,5cm;1:80000;1 carte;géologique;1909;2;6;M4222;Car6;26/02/1975;non;emprise géographique hors de Douai/région
Carte géologique de la France - Feuille 259 - Luri;E. Maury;Ch. Béranger;Paris, Liège;Luri - 2B (environs);115x61,5cm;1:80000;1 carte;géologique;1909;2;7;M4223;Car7;26/02/1975;non;emprise géographique hors de Douai/région
Carte géologique de la France - Feuille 29 - Caen;Lodin, Lecornu, A. Bigot, A. Merle, P. Termier;Ch. Béranger;Paris, Liège;Caen - 14 (environs);115x61,5cm;1:80000;1 carte;géologique;1914;2;8;M4224;Car8;27/02/1975;non;emprise géographique hors de Douai/région
Carte géologique de la France - Feuille 3 - Boulogne;H. Douvillé, Ed. Rigaux, Jacquot;Ch. Béranger;Paris, Liège;Boulogne-sur-Mer - 62 (environs);115x61,5cm;1:80000;1 carte;géologique;1885;3;9;M4225;Car9;27/02/1975;peut-être;emprise géographique dans la région (Pas-de-Calais)
Carte géologique de la France - Feuille 2 - Boulogne;A. Potier, Élie de Beaumont, B. de Chancourtois;Ch. Béranger;Paris, Liège;Dunkerque - 59 (environs);115x61,5cm;1:80000;1 carte;géologique;1876;3;10;M4226;Car10;27/02/1975;peut-être;emprise géographique dans le département du Nord
Carte géologique de la France - Feuille 1 - Calais;A. Potier, Jacquot;Ch. Béranger;Paris, Liège;Calais - 62 (environs);115x61,5cm;1:80000;1 carte;géologique;1878;3;11;M4227;Car11;27/02/1975;peut-être;emprise géographique dans la région (Pas-de-Calais)
Carte géologique de la France - Feuille 7 - Arras;Potier, Gosselet, Michel Lévy;Ch. Béranger;Paris, Liège;Arras - 62 (environs);115x61,5cm;1:80000;1 carte;géologique;1909;3;12;M4228;Car12;27/02/1975;peut-être;emprise géographique dans la région (Pas-de-Calais)
Carte géologique de la France - Feuille 209 - Alais;Fabre, Cayeux, Paul Thiéry, Pierre Termier;Ch. Béranger;Paris, Liège;Alès - 30 (environs);115x61,5cm;1:80000;1 carte;géologique;1923;3;13;M4229;Car13;27/02/1975;non;emprise géographique hors de Douai/région
Carte géologique de la France - Feuilles 234 et 246 - Arles et La Couronne;F. Fontanes, L. Carez, Jacquot;Ch. Béranger;Paris, Liège;Arles - 13 (environs);118x62cm;1:80000;1 carte;géologique;1889;4;14;M4247;Car14;19/03/1975;non;emprise géographique hors de Douai/région
Carte géologique de la France - Feuille 262 - Vico;Deprat;Ch. Béranger;Paris, Liège;Vico - 2A (environs);118x62cm;1:80000;1 carte;géologique;1908;4;15;M4339;Car15;19/03/1975;non;emprise géographique hors de Douai/région
Carte géologique de la France - Feuille 264 - Ajaccio;Deprat;Ch. Béranger;Paris, Liège;Ajaccio - 2A (environs);118x62cm;1:80000;1 carte;géologique;1906;4;16;M4340;Car16;19/03/1975;non;emprise géographique hors de Douai/région
Carte géologique de la France - Feuille 265 - Bastelica;Grandjean, Maury;Ch. Béranger;Paris, Liège;Bastelica - 2A (environs);118x62cm;1:80000;1 carte;géologique;1913;4;17;M4341;Car17;19/03/1975;non;emprise géographique hors de Douai/région
Carte géologique de la France - Feuille 263 - Corte;Grandjean, Maury;Ch. Béranger;Paris, Liège;Corte - 2B (environs);118x62cm;1:80000;1 carte;géologique;1924;4;18;M4342;Car18;19/03/1975;non;emprise géographique hors de Douai/région
Carte géologique de la France;Gustave Dollfus, Jacquot, Michel Lévy;Ch. Béranger;Paris, Liège;Paris -75 (Nord-Ouest);78x62cm;1:80000;1 carte;géologique;1890;5;19;M4343;Car19;19/03/1975;non;emprise géographique hors de Douai/région
Carte géologique de la France;Gustave Dollfus, Jacquot, Michel Lévy;Ch. Béranger;Paris, Liège;Paris -75 (Sud-Est);78x62cm;1:80000;1 carte;géologique;1890;5;20;M4343;Car20;19/03/1975;non;emprise géographique hors de Douai/région
Carte géologique de la France;Gustave Dollfus, Jacquot, Michel Lévy;Ch. Béranger;Paris, Liège;Paris -75 (Nord-Est);78x62cm;1:80000;1 carte;géologique;1890;5;21;M4343;Car21;19/03/1975;non;emprise géographique hors de Douai/région
Carte géologique de la France;Gustave Dollfus, Jacquot, Michel Lévy;Ch. Béranger;Paris, Liège;Paris -75 (Sud-Ouest);78x62cm;1:80000;1 carte;géologique;1890;5;22;M4343;Car22;19/03/1975;non;emprise géographique hors de Douai/région
Carte géologique de la France - Feuille 4 - Saint-Omer;J. Gosselet, Dollé, Leriche, Michel Lévy, P. Termier;Ch. Béranger;Paris, Liège;Saint-Omer - 62 (environs);116x62cm;1:80000;1 carte;géologique;1914;5;23;M4344;Car23;19/03/1975;peut-être;emprise géographique dans la région (Pas-de-Calais)
Carte géologique de la France - Feuille 21 - Montdidier;E. Fuchs, F. Clérault, de Mercey, Michel Lévy;Ch. Béranger;Paris, Liège;Montdidier - 80 (environs);118x62cm;1:80000;1 carte;géologique;1907;6;24;M4345;Car24;19/03/1975;peut-être;emprise géographique dans la région (Somme)
Carte géologique de la France - Feuille 48 - Paris;Gustave F. Dollfus;Ch. Béranger;Paris, Liège;Paris - 75 (environs);117x62cm;1:80000;1 carte;géologique;1924;6;25;M4346;Car25;19/03/1975;non;emprise géographique hors de Douai/région
Carte géologique de la France - Feuille 239 - Mauléon;L. Carez, E. Fournier;Ch. Béranger;Paris, Liège;Mauléon-Licharre - 64 (environs);118x62cm;1:80000;1 carte;géologique;1910;6;26;M4347;Car26;19/03/1975;non;emprise géographique hors de Douai/région
Carte géologique de la France - Feuilles 70 et 71 - Mauléon;Ch. Vélain, Michel Lévy;Ch. Béranger;Paris, Liège;Strasbourg - 67 (environs);118x62cm;1:80000;1 carte;géologique;1896;6;27;M4348;Car27;19/03/1975;non;emprise géographique hors de Douai/région
Carte géologique de la France - Feuilles 85 et 86 - Colmar;Ch. Vélain, Michel Lévy;Ch. Béranger;Paris, Liège;Colmar - 67 (environs);118x62cm;1:80000;1 carte;géologique;1893;6;28;M4349;Car28;19/03/1975;non;emprise géographique hors de Douai/région
N°52 LE HAVRE-AMIENS;Manufacture de caoutchouc MICHELIN;Schneider Fres et Mary;Levallois-Perret;Haute-Normandie, Somme;109x49,5cm;1:200000;1 carte;routière;1951;7;29;A6815;Car29;19/03/1975;peut-être;collection complète, emprise géographique dans la région (Somme)
N°53 ARRAS-MÉZIÈRES;Manufacture de caoutchouc MICHELIN;Déchaux;Paris;Somme, Pas-de-Calais, Nord, Aisne, Belgique;109x49,5cm;1:200000;1 carte;routière;1950;7;30;A6815;Car30;19/03/1975;oui;collection complète, emprise géographique sur Douai
N°54 CHERBOURG-ROUEN;Manufacture de caoutchouc MICHELIN;OFF-SET;Levallois-Perret;Manche, Calvados, Seine-Maritime, Eure;109x49,5cm;1:200000;1 carte;routière;1950;7;31;A6815;Car31;19/03/1975;peut-être;collection complète, emprise géographique hors de Douai/région
N°55  CAEN-PARIS;Manufacture de caoutchouc MICHELIN;La Photolith, L. Delaporte;Paris;Calvados, Seinte-Maritime, Eure, Seine-et-Oise, Oise;109x49,5cm;1:200000;1 carte;routière;1950;7;32;A6815;Car32;19/03/1975;peut-être;collection complète, emprise géographique dans la région (Oise)
N°56 PARIS-REIMS;Manufacture de caoutchouc MICHELIN;Déchaux;Paris;Oise, Somme, Aisne, Seine-et-Marne, Marne, Ardennes;109x49,5cm;1:200000;1 carte;routière;1950;7;33;A6815;Car33;19/03/1975;peut-être;collection complète, emprise géographique dans la région (Oise, Somme, Aisne)
N°57 VERDUN-WISSEMBOURG;Manufacture de caoutchouc MICHELIN;Gaston Maillet et Cie;Saint-Ouen;Meuse, Meurthe-et-Moselle, Bas-Rhin, Belgique, Luxembourg, Allemagne;109x49,5cm;1:200000;1 carte;routière;1951;7;34;A6815;Car34;19/03/1975;peut-être;collection complète, emprise géographique hors de Douai/région
N°58 BREST-QUIMPER;Manufacture de caoutchouc MICHELIN;OFF-SET;Levallois-Perret;Finistère, Côtes-du-Nord, Morbihan;109x49,5cm;1:200000;1 carte;routière;1951;7;35;A6815;Car35;19/03/1975;peut-être;collection complète, emprise géographique hors de Douai/région
N°59 St BRIEUC-RENNES;Manufacture de caoutchouc MICHELIN;Gaston Maillet et Cie;Saint-Ouen;Côtes-du-Nord, Morbihan, Ille-et-Vilaine, Mayenne, Manche, Calvados, Orne;109x49,5cm;1:200000;1 carte;routière;1951;7;36;A6815;Car36;19/03/1975;peut-être;collection complète, emprise géographique hors de Douai/région
N°60 LE MANS-PARIS;Manufacture de caoutchouc MICHELIN;Déchaux;Paris;Orne, Mayenne, Sarthe, Eure, Eure-et-Loir, Seine-et-Oise, Seine;109x49,5cm;1:200000;1 carte;routière;1950;7;37;A6815;Car37;19/03/1975;peut-être;collection complète, emprise géographique hors de Douai/région
N°61 PARIS-CHAUMONT;Manufacture de caoutchouc MICHELIN;Schneider Fres et Mary;Levallois-Perret;Seine, Seine-et-Oise, Marne, Aube, Yonne, Marne;109x49,5cm;1:200000;1 carte;routière;1949;7;38;A6815;Car38;19/03/1975;peut-être;collection complète, emprise géographique hors de Douai/région
N°62 CHAUMONT-STRASBOURG;Manufacture de caoutchouc MICHELIN;Gaston Maillet et Cie;Saint-Ouen;Marne, Meuse, Meurthe-et-Moselle, Moselle, Vosges, Bas-Rhin, Haut-Rhina;109x49,5cm;1:200000;1 carte;routière;1950;7;39;A6815;Car39;19/03/1975;peut-être;collection complète, emprise géographique hors de Douai/région
N°63 VANNES-ANGERS;Manufacture de caoutchouc MICHELIN;Hénon;Paris;Morbihan, Ille-et-Vilaine, Loire-Inférieure, Maine-et-Loire;109x49,5cm;1:200000;1 carte;routière;1948;7;40;A6815;Car40;19/03/1975;peut-être;collection complète, emprise géographique hors de Douai/région
N°64 ANGERS-ORLÉANS;Manufacture de caoutchouc MICHELIN;Gaston Maillet et Cie;Saint-Ouen;Maine-et-Loire, Sarthe, Loir-et-Cher, Indre-et-Loire;109x49,5cm;1:200000;1 carte;routière;1950;7;41;A6815;Car41;19/03/1975;peut-être;collection complète, emprise géographique hors de Douai/région
N°65 AUXERRE-DIJON;Manufacture de caoutchouc MICHELIN;Hénon;Paris;Loiret, Cher, Yonne, Nièvre, Côte-d'Or;109x49,5cm;1:200000;1 carte;routière;1951;7;42;A6815;Car42;19/03/1975;peut-être;collection complète, emprise géographique hors de Douai/région
N°66 DIJON-MULHOUSE;Manufacture de caoutchouc MICHELIN;Déchaux;Paris;Haute-Marne, Côte-d'Or, Haute-Saône, Haut-Rhin, Doubs, Suisse;109x49,5cm;1:200000;1 carte;routière;1948;7;43;A6815;Car43;19/03/1975;peut-être;collection complète, emprise géographique hors de Douai/région
N°67 NANTES-POITIERS;Manufacture de caoutchouc MICHELIN;OFF-SET;Levallois-Perret;Loire-Inférieure, Maine-et-Loire, Vendée, Deux-Sèvres, Indre-et-Loire, Vienne;109x49,5cm;1:200000;1 carte;routière;1951;7;44;A6815;Car44;19/03/1975;peut-être;collection complète, emprise géographique hors de Douai/région
N°68 NIORT-CHÂTEAUROUX;Manufacture de caoutchouc MICHELIN;Schneider Fres et Mary;Levallois-Perret;Deux-Sèvres, Vienne, Indre-et-Loire, Indre, Cher;109x49,5cm;1:200000;1 carte;routière;1947;7;45;A6815;Car45;19/03/1975;peut-être;collection complète, emprise géographique hors de Douai/région
N°69 BOURGES-MÂCON;Manufacture de caoutchouc MICHELIN;Schneider Fres et Mary;Levallois-Perret;Cher, Nièvre, Allier, Saône-et-Loire, Côte-d'or;109x49,5cm;1:200000;1 carte;routière;1950;7;46;A6815;Car46;19/03/1975;peut-être;collection complète, emprise géographique hors de Douai/région
N°70 BEAUNE-ÉVIAN;Manufacture de caoutchouc MICHELIN;La Photolith, L. Delaporte;Paris;Côte-d'Or, Saône-et-Loire, Doubs, Jura, Suisse;109x49,5cm;1:200000;1 carte;routière;1950;7;47;A6815;Car47;20/03/1975;peut-être;collection complète, emprise géographique hors de Douai/région
N°71 LA ROCHELLE-BORDEAUX;Manufacture de caoutchouc MICHELIN;Déchaux;Paris;Vendée, Charente-Maritime, Gironde;109x49,5cm;1:200000;1 carte;routière;1949;7;48;A6815;Car48;20/03/1975;peut-être;collection complète, emprise géographique hors de Douai/région
N°72 ANGOULEME-LIMOGES;Manufacture de caoutchouc MICHELIN;Déchaux;Paris;Charente-Maritime, Charente, Deux-Sèvres, Vienne, Haute-Vienne, Creuse, Corrèze;109x49,5cm;1:200000;1 carte;routière;1950;7;49;A6815;Car49;20/03/1975;peut-être;collection complète, emprise géographique hors de Douai/région
N°73 CLERMONT-Fd-LYON;Manufacture de caoutchouc MICHELIN;Gaston Maillet et Cie;Saint-Ouen;Creuse, Allier, Puy-de-Dôme, Loire, Rhône;109x49,5cm;1:200000;1 carte;routière;1950;7;50;A6815;Car50;20/03/1975;peut-être;collection complète, emprise géographique hors de Douai/région
N°74 LYON-GENÈVE;Manufacture de caoutchouc MICHELIN;La Photolith, L. Delaporte;Paris;Rhône, Ain, Isère, Haute-Savoie, Savoie, Suisse, Italie;109x49,5cm;1:200000;1 carte;routière;1950;7;51;A6815;Car51;20/03/1975;peut-être;collection complète, emprise géographique hors de Douai/région
N°75 BORDEAUX-TULLE;Manufacture de caoutchouc MICHELIN;Schneider Fres et Mary;Levallois-Perret;Charente-Maritime, Charente, Gironde, Dordogne, Corrèze, Lot;109x49,5cm;1:200000;1 carte;routière;1950;7;52;A6815;Car52;20/03/1975;peut-être;collection complète, emprise géographique hors de Douai/région
N°76 AURILLAC-St-ÉTIENNE;Manufacture de caoutchouc MICHELIN;La Photolith, L. Delaporte;Paris;Cantal, Haute-Loire, Lozère, Ardèche, Loire, Aveyron;109x49,5cm;1:200000;1 carte;routière;1950;7;53;A6815;Car53;20/03/1975;peut-être;collection complète, emprise géographique hors de Douai/région
N°77 VALENCE-GRENOBLE;Manufacture de caoutchouc MICHELIN;Gaston Maillet et Cie;Saint-Ouen;Ardèche, Drôme, Isère, Savoie, Hautes-Alpes, Italie;109x49,5cm;1:200000;1 carte;routière;1951;7;54;A6815;Car54;20/03/1975;peut-être;collection complète, emprise géographique hors de Douai/région
N°78 BORDEAUX-BIZARRITZ;Manufacture de caoutchouc MICHELIN;Gaston Maillet et Cie;Saint-Ouen;Gironde, Landes, Basses-Pyrénées;109x49,5cm;1:200000;1 carte;routière;1949;7;55;A6815;Car55;20/03/1975;peut-être;collection complète, emprise géographique hors de Douai/région
N°79 BORDEAUX-MONTAUBAN;Manufacture de caoutchouc MICHELIN;Schneider Fres et Mary;Levallois-Perret;Gironde, Landes, Lot-et-Garonne, Lot, Tarn-et-Garonne, Dordogne;109x49,5cm;1:200000;1 carte;routière;1950;7;56;A6815;Car56;20/03/1975;peut-être;collection complète, emprise géographique hors de Douai/région
N°80 RODEZ-NÎMES;Manufacture de caoutchouc MICHELIN;Gaston Maillet et Cie;Saint-Ouen;Tarn, Aveyron, Lozère, Ardèche, Hérault, Gard;109x49,5cm;1:200000;1 carte;routière;1950;7;57;A6815;Car57;20/03/1975;peut-être;collection complète, emprise géographique hors de Douai/région
N°81 AVIGNON-DIGNE;Manufacture de caoutchouc MICHELIN;Schneider Fres et Mary;Levallois-Perret;Drôme, Vaucluse, Hautes-Alpes, Basses-Alpes, Alpes-Maritimes;109x49,5cm;1:200000;1 carte;routière;1950;7;58;A6815;Car58;20/03/1975;peut-être;collection complète, emprise géographique hors de Douai/région
N°82 PAU-TOULOUSE;Manufacture de caoutchouc MICHELIN;Gaston Maillet et Cie;Saint-Ouen;Landes, Basses -Pyrénées, Gers,Hautes-Pyrénées, Haute-Garonne, tarn, Aude, Ariège;109x49,5cm;1:200000;1 carte;routière;1951;7;59;A6815;Car59;20/03/1975;peut-être;collection complète, emprise géographique hors de Douai/région
N°83 CARCASSONNE-NÎMES;Manufacture de caoutchouc MICHELIN;OFF-SET;Levallois-Perret;Tarn, Aude, Aveyron, Hérault, Gard, Bouches-du-Rhône;109x49,5cm;1:200000;1 carte;routière;1949;7;60;A6815;Car60;20/03/1975;peut-être;collection complète, emprise géographique hors de Douai/région
N°84 MARSEILLE-MENTON;Manufacture de caoutchouc MICHELIN;La Photolith, L. Delaporte;Paris;Vaucluse, Bouches-du-Rhône, Basses-Alpes, Var, Alpes-Maritimes;109x49,5cm;1:200000;1 carte;routière;1950;7;61;A6815;Car61;20/03/1975;peut-être;collection complète, emprise géographique hors de Douai/région
N°85 BIARRITZ-LUCHON;Manufacture de caoutchouc MICHELIN;OFF-SET;Levallois-Perret;Basses-Pyrénées, Hautes-Pyrénées, Espagne;109x49,5cm;1:200000;1 carte;routière;1951;7;62;A6815;Car62;20/03/1975;peut-être;collection complète, emprise géographique hors de Douai/région
N°86 LUCHON-PERPIGNAN;Manufacture de caoutchouc MICHELIN;Déchaux;Paris;Haute-Garonne, Ariège, Aude, Pyrénées-Orientales;109x49,5cm;1:200000;1 carte;routière;1948;7;63;A6815;Car63;20/03/1975;peut-être;collection complète, emprise géographique hors de Douai/région
N°87 WISSEMBOURG-BELFORT;Manufacture de caoutchouc MICHELIN;Déchaux;Paris;Bas-Rhin, Haut-Rhin, Moselle, Allemagne, Suisse;109x49,5cm;1:200000;1 carte;routière;1950;7;64;A6815;Car64;20/03/1975;peut-être;collection complète, emprise géographique hors de Douai/région
N°88 PARIS-NORD;Manufacture de caoutchouc MICHELIN;OFF-SET;Levallois-Perret;Oise, Aisne, Seine-Inférieure, Eure, Seine-et-Oise, Seine, Seine-et-Marne;109x49,5cm;1:200000;1 carte;routière;1949;7;65;A6815;Car65;20/03/1975;peut-être;collection complète, emprise géographique dans la région (Oise, Aisne)
N°89 PARIS-SUD;Manufacture de caoutchouc MICHELIN;Gaston Maillet et Cie;Saint-Ouen;Seine, Seine-et-Oise, Seine-et-Marne, Eure-et-Loir, Loiret, Yonne;109x49,5cm;1:200000;1 carte;routière;1948;7;66;A6815;Car66;20/03/1975;peut-être;collection complète, emprise géographique hors de Douai/région
N°90 CORSE;Manufacture de caoutchouc MICHELIN;Gaston Maillet et Cie;Saint-Ouen;Corse, Bastia, Ajaccio;109x49,5cm;1:200000;1 carte;routière;1949;7;67;A6815;Car67;20/03/1975;peut-être;collection complète, emprise géographique hors de Douai/région
N°98 GRANDES ROUTES;Manufacture de caoutchouc MICHELIN;Déchaux;Paris;Partie Nord de la France;110x50cm;1:1000000;1 carte;routière;1951;7;68;A6815;Car68;20/03/1975;peut-être;collection complète,emprise géographique sur Douai et région
N°99 GRANDES ROUTES;Manufacture de caoutchouc MICHELIN;Déchaux;Paris;Partie Sud de la France;110x50cm;1:1000000;1 carte;routière;1952;7;69;A6815;Car69;20/03/1975;peut-être;collection complète, emprise géographique hors de Douai/région
Carte de la Meuse canalisée de Stenay à la Frontière;R. Vuillaume;F. Menetrier;Paris;Fleuve Meuse;215x16cm;1:50000;1 carte;hydrographique;[s.d (1889-1932)];8;70;Dépôt de l'État 7243;Car70;22/03/1975;peut-être;rareté, ancienneté,  emprise géographique hors de Douai/région
Cartes du Canal de l'Oise à l'Aisne et du Canal de  l'Aisne à la Marne;R. Vuillaume;F. Menetrier;Paris;Canaux de l'Oise à l'Aisne et de l'Aisne à la Marne;202x16,5cm;1:50000;1 carte;hydrographique;[s.d (1889-1932)];8;71;A4624;Car71;22/03/1975;peut-être;rareté, ancienneté,  emprise géographique dans la région (Oise)
Carte de la Seine de Paris à la Mer;R. Vuillaume;Becquet Fres;Paris;Fleuve Seine;164x16cm;1:125000;1 carte;hydrographique;1891;8;72;Dépôt de l'État 7247 - ERR 1951 528;Car72;22/03/1975;peut-être;rareté, ancienneté,  emprise géographique hors de Douai/région
Carte de la Seine-Maritime et du Canal de Tancarville;R. Vuillaume;A. Simon;Paris;Fleuve Seine;161x31cm;1:50000;1 carte;hydrographique;[s.d (1889-1932)];8;73;Dépôt de l'État 7245;Car73;22/03/1975;peut-être;rareté, ancienneté,  emprise géographique hors de Douai/région
Carte Industrielle du Bassin de Liège;Félix Jottrand;H. Manceaux;Mons;Bassin minier de Liège;86x53,5cm;1:20000, 1:40000;1 carte;industrielle;[s.d.];8;74;A4624;Car74;22/03/1975;peut-être;rareté, histoire minière, emprise géographique hors de Douai/région
Plan Topographique des Concessions de la Compagnie des Mines de la Grand' Combe;Erhard Fres;Erhard Fres;Paris;Bassin minier d'Alès;16x17,5cm;1:20000;1 carte;industrielle;[s.d (~1903)];8;75;A4624;Car75;22/03/1975;peut-être;rareté, histoire minière, emprise géographique hors de Douai/région
France - Chemins de Fer et Lignes Maritimes ;Leclercq et Langevin;L. Andriveau-Goujon;Paris;France;14x12cm;1:200000;1 carte;transports;1894;9;76;Dépôt de l'État 7236;Car76;22/03/1975;oui;rareté, ancienneté, emprise géographique France
Carte Générale des Chemins de Fer et des Voies navigables de la France;A. Chaix;A. Chaix et Cie;Paris;France;14,5x21,5cm;1:250000;1 carte;transports;[s.d (1871-1914)];9;77;Dépôt de l'État 7248;Car77;22/03/1975;oui;rareté, ancienneté, emprise géographique France
Cartes Blondel - Allemagne;Blondel La Rougery;Blondel La Rougery;Paris;Allemagne (1943);64x60,5cm;1:2000000;1 carte;politique;1943;9;78;A624;Car78;22/03/1975;peut-être;Seconde Guerre mondiale, emprise géographique hors de Douai/région
Massif de Gavarnie et du Mont Perdu;F. Schrader;Andriveau Goujon;Paris;Mont Perdu (Pyrénées, environs);78x70cm;1:20000;1 carte;physique;1914;9;79;A4624;Car79;22/03/1975;non;hors-sujet pour Douai, emprise géographique hors de Douai/région
Carte Taride - n°24 routière Corse;NR;Imp. Gaillac-Monrocq et Cie;Paris;Corse;81x101cm;1:200000;1 carte;routière;[s.d.];9;80;NR;Car80;22/03/1975;non;emprise géographique hors de Douai/région
Le Transvaal (République Sud Africaine) et l'État Libre d'Orange;E. Zerolo;Garnier Frères;Paris;Afrique Australe;55,5x72,5cm;1:2000000, 1:8600000;1 carte;politique;[s.d (av.1902)];9;81;A4624;Car81;22/03/1975;peut-être;rareté, ancienneté,  emprise géographique hors de Douai/région
Sect:Wesel;Simon Schropp;W. Liebenow;Berlin;Bassin minier Düsseldorf;73x57,5cm;1:80000;1 carte;géologique;[s.d.];9;82;A4624;Car82(1);22/03/1975;peut-être;histoire minière, emprise géographique hors de Douai/région
Farbenerklärung Geologischen Karte von RHEINLAND UND WESTFALEN;Simon Schropp;W. Liebenow;Berlin;Légende carte précédente;73x57,5cm;1:80000;1 carte;légende;[s.d.];9;83;A4624;Car82(2);22/03/1975;peut-être;histoire minière, emprise géographique hors de Douai/région
Sect:Lüdenscheid;Simon Schropp;W. Liebenow;Berlin;Bassin minier Düsseldorf;73x57,5cm;1:80000;1 carte;géologique;[s.d.];9;84;A4624;Car83;22/03/1975;peut-être;histoire minière, emprise géographique hors de Douai/région
Carte  du département du Gard;Ad. Joanne;Hachette et Cie;Paris;Gard (département);25x25cm;1:370000;1 carte;politique;[s.d.];10;85;A4624;Car84;25/03/1975;non;emprise géographique hors de Douai/région
The Siberian Railway;;Edward Stanford;Londres;Empire Russe;116x77,5cm;1:9300000;1 carte;transports;1904;10;86;912,57 - A6155;Car85;25/03/1975;non;emprise géographique hors de Douai/région
Nouvelle carte topographique de la Forêt de Fontainebleau;Denecourt, Charles Colinet;Hachette et Cie;Paris;Forêt de Fontainebleau;61x77cm;1:40000;1 carte;occupation des sols;1914;10;87;M2319;Car86;25/03/1975;non;emprise géographique hors de Douai/région
Plan routier de la Ville et Faubourgs de Paris, divisé en 12 municipalités;;Jean;Paris;Paris;80,5x55,5cm;;1 carte;routière, politique;1804;10;88;M2318;Car87;25/03/1975;peut-être;rareté, ancienneté,  emprise géographique hors de Douai/région
Carte des localités industrielles composant la Région de Fourmies;Legeay;NR;NR;NR;51x40,5cm;1:200000;1 carte;statistique;1884;10;89;M4352;Car88;25/03/1975;oui;rareté, histoire industrielle, emprise géographique hors dans la région (Nord, Aisne)
Douai S.O.;Officiers du Corps d'État Major;Dépôt de la guerre;NR;Douai (environs, Sud-Ouest);54x31cm;;1 carte;transports;1832 ou 1889;10;90;M4353;Car89;25/03/1975;oui;emprise géographique sur Douai
Carte physique, routière administrative des déparements de la Savoie et de la Haute-Savoie;A. Perrin;A. Perrin;NR;Savoie, Haute-Savoie;54x72cm;1:280000;1 carte;physique, routière, politique;[s.d.];10;91;A4624;Car90;25/03/1975;non;emprise géographique hors de Douai/région
Carte illustrée des États-Unis d'Amérique;;Office d'information de guerre des États-Unis;;Etats-Unis;81x61cm;1:6000000;1 carte;physique, transports, politique, illustrée;[s.d.];10;92;Dou221;Car91;25/03/1975;non;emprise géographique hors de Douai/région
Carte des localités industrielles composant la Région de Fourmies;Legeay;NR;NR;NR;51x40,5cm;1:200000;1 carte;statistique;1884;11;93;M4352;Car92;25/03/1975;oui;rareté, histoire industrielle, emprise géographique hors dans la région (Nord, Aisne)
Carte du diocèse de Cambray;F. Villaret;NR;NR;Lille, Tournai (environs);66x56,5cm;;1 carte;politique;1769;11;94;A16876;Car93(1);25/03/1975;oui;division administratives historiques du douaisis, emprise géographique sur l'arrondissement de Douai
Carte du diocèse de Cambray;F. Villaret;NR;NR;Mons, Enghien (environs);66x56,5cm;;1 carte;politique;1769;11;95;A16876;Car93(2);25/03/1975;oui;division administratives historiques du douaisis, emprise géographique sur l'arrondissement de Douai
Carte du diocèse de Cambray;F. Villaret;NR;NR;Douai, Cambrai (environs);66x56,5cm;;1 carte;politique;1770;11;96;A16876;Car93(3);25/03/1975;oui;division administratives historiques du douaisis, emprise géographique sur l'arrondissement de Douai
Ubersichtskarte der Berg-&Hütten-Werke Oberbergamtsbezirk Dortmund;Sievers;J. Baedeker;Leipzig;Bassin minier de Dortmund;112x57cm;1:80000;1 carte;géologique;1897;11;97;A4624;Car94;25/03/1975;peut-être;histoire minière, emprise géographique hors de Douai/région
Carte des localités industrielles composant la Région de Fourmies;Legeay;NR;NR;NR;;1:200000;1 carte;statistique;1884;11;98;M4352;Car95;25/03/1975;oui;rareté, histoire industrielle, emprise géographique hors dans la région (Nord, Aisne)
Carte industrielle du Bassin Houillier du centre;Félix Jottrand;Institut national de Géographie;Bruxelles;Bassin minier du centre de la Belgique;;1:30000, 1:400000;1 carte;industrielle;[s.d.];12;99;A4624;Car96;25/03/1975;peut-être;histoire minière, emprise géographique hors de Douai/région
Geologische Übersichtskarte der Rheinprovinz und der provinz Westfalen;H. Von Dechen;Simon Schroppe;Berlin;Coblence, Cologne (environs);;1:80000;1 carte;géologique;1883;12;100;A4624;Car97;25/03/1975;non;emprise géographique hors de Douai/région
Carte des environs de Genève;NR;Burkhardt;Genève;Genève (environs);;1:100000;1 carte;transports;[s.d (ap1900)];12;101;A4624;Car98;25/03/1975;non;emprise géographique hors de Douai/région
Plan de Genève;NR;Burkhardt;Genève;Genève;;1:10000;1 carte;urbaine;[s.d.];12;102;A4624;Car98;25/03/1975;non;emprise géographique hors de Douai/région
France politique, empire français, zone d'occupation de l'Allemagne;NR;Blondel La Rougery;Paris;France, colonies françaises;;1:500000;1 carte;politique;1946;12;103;M4355;Car99;25/03/1975;oui;emprise géographique sur Douai
Carte routière de la France, de Belgique et des États voisins;NR;Girard et Barrère;Paris;France, Belgique;;1:1600000;1 carte;routière, politique;[s.d (av 1947)];12;104;A4624;Car100;25/03/1975;oui;emprise géographique sur Douai
Océan Pacifique et ses principaux archipels;NR;Girard et Barrère;Paris;Océan Pacifique, Amérique (continent) Asie de l'Est;;1:48000000, 1:20000000, 1:25000000, 1:10000000, 1:7500000, 1:8000000, 1:2000000, 1:5000000, 1:30000000;1 carte;politique;ca1935;12;105;A4624;Car101;25/03/1975;non;emprise géographique hors de Douai/région
Mons;J.B. DeLahoese, J. Mestdagh, F. de Raedemaeker, v. Labargé;Paul Dutilleux;Douai;Mons (environs);;1:40000;1 carte;physique, routière;1884;12;106;A4624;Car102;25/03/1975;priorité;reproduction atelier Dutilleux
Ponts et Chaussées, Port de Dunkerque, Plan d'Ensemble de la ville et du Port;Ponts et Chaussées;Paul Dutilleux;Douai;Dunkerque;;1:5000;1 carte;maritime, urbaine;1891;12;107;A4624;Car103;25/03/1975;priorité;reproduction atelier Dutilleux
Vicinity of the National Transcontinental Railway Abitibi District Quebec;Canada Department of Mines;NR;NR;Abitibi-Témiscamingue (Canada);;1:253440;1 carte;transports;1910;13;108;M4503;Car104;;non;emprise géographique hors de Douai/région
Port de Dunkerque - Dunkirk Harbour;Chambre de commerce de Dunkerque;Courtier;Paris;Dunkerque;;1:5000;1 carte;maritime, urbaine;1908;13;109;NR;Car105;;peut-être;emprise géographique dans la région (Nord)
Carte des concessions de minerai de fer dans les bassins de Longwy et de Briey;Chambre de commerce de Meurthe-et-Moselle;E. Gréau;Nancy;Meurthe-et-Moselle;;1:80000;1 carte;industrielle;[1870-1914];13;110;A4624;Car106;;peut-être;histoire minière, emprise géographique hors de Douai/région
Le Transvaal et les régions limitrophes de l'Afrique Australe;NR;Hachette et Cie;Paris;Afrique Australe;;;1 carte;politique;1899;13;111;A4624;Car107;;peut-être;rareté, ancienneté,  emprise géographique hors de Douai/région
Grand-Duché de Luxembourg;NR;Office national du tourisme;Luxembourg;Luxembourg (pays);;NR;1 carte;transports;[s.d.];13;112;M4504;Car108;;non;emprise géographique hors de Douai/région
[sans nom];NR;NR;NR;[Algérie, Maroc ?];;NR;1 carte;hydrographique;[s.d.];13;113;M4502;Car109;;non;emprise géographique hors de Douai/région, erreur d'impression
Carte archéologique du département du Nord;Fred. Vercoustre;Commission histoirque;Lille;Nord (département);;1:200000;1 carte;historique;1866;13;114;M4501;Car110;;oui;informations historiques, emprise géographique sur Douai
Feuille XII-38 Gavarnie;Mastier, E. Bouteron, Anthoine;Erhard;Paris;Massif de Gavarnie (Pyrénées);;1:100000;1 carte;physique;1911;13;115;NR;Car111;;non;emprise géographique hors de Douai/région
Feuille XI-37 Laruns;Mastier, E. Bouteron, Anthoine;Erhard;Paris;Massif de Laruns (Pyrénées);;1:100000;1 carte;physique;1912;13;116;NR;Car112;;non;emprise géographique hors de Douai/région
Feuille XI-37 Val d'Arouge;Mastier, E. Bouteron, Anthoine;Erhard;Paris;Val d'Arouge (Pyrénées);;1:100000;1 carte;physique;1912;13;117;NR;Car113;;non;emprise géographique hors de Douai/région
Sect:Dortmund;Simon Schropp;W. Liebenow;Berlin;Bassin minier Dortmund;;1:80000;1 carte;géologique;[s.d.];13;118;A4624;Car114;;peut-être;histoire minière, emprise géographique hors de Douai/région
Environs de Liège;E. Patesson;Touring Club de Belgique;Bruxelles;Liège (environs);;1:40000;1 carte;routière;1919;13;119;A4624;Car115;;non;emprise géographique hors de Douai/région
Russie d'Europe économique illustrée;;Blondel La Rougery;Paris;Russie européenne;;1:4000000;1 carte;économique, politique;1942;13;120;A4624;Car116;;non;emprise géographique hors de Douai/région
Massif de la Chartreuse, Sure Charmanson;C. Buisson;Andriveau Goujon;Paris;Massif de la Chartreuse (Isère);;1:20000;1 carte;physique;1918;13;121;A4624;Car117;;non;emprise géographique hors de Douai/région
Massif de la Chartreuse, Grand Som;C. Buisson;Andriveau Goujon;Paris;Massif de la Chartreuse (Isère);;1:20000;1 carte;physique;1918;13;122;A4624;Car117;;non;emprise géographique hors de Douai/région
Massif de la Chartreuse, Chamechaudes Dent de Crolles;C. Buisson;Andriveau Goujon;Paris;Massif de la Chartreuse (Isère);;1:20000;1 carte;physique;1918;13;123;A4624;Car117;;non;emprise géographique hors de Douai/région
Massif de la Chartreuse, Lance de Malissard;C. Buisson;Andriveau Goujon;Paris;Massif de la Chartreuse (Isère);;1:20000;1 carte;physique;1918;13;124;A4624;Car117;;non;emprise géographique hors de Douai/région
Massif de la Chartreuse, Granier;C. Buisson;Andriveau Goujon;Paris;Massif de la Chartreuse (Isère);;1:20000;1 carte;physique;1918;13;125;A4624;Car117;;non;emprise géographique hors de Douai/région
Front: Ligne Maginot et ligne Siegfried;NR;NR;NR;Est de la France;;NR;1 carte;militaire;[av1940];13;126;A4624;Car118;;non;emprise géographique hors de Douai/région
Missions catholiques des pays Scandinaves;R. Hauserman;Monrocq;Paris;Scandinavie;;1:2200000;1 carte;politique;[av1939];13;127;A4624;Car119;;non;emprise géographique hors de Douai/région
Carte générale des établissements de la Compagnie des Mines d'Anzin;NR;NR;NR;Valenciennes, Denain (alentours);;1:40000;1 carte;industrielle;1907;13;128;M2304;Car120;;oui;histoire minière, emprise géographique dans l'arrondissement de Douai
Carte géologique au 1/50000 - Cambrai - XXV-7;Bureau de recherches géologiques et minières;Imprimerie Moderne;Nantes;Cambrai (environs);;1:50000;1 carte;géologique;1968;14;129;A26664;Car121;;oui;emprise géographique dans le département du Nord
Carte géologique au 1/50000 - Cambrai - XXV-7;Bureau de recherches géologiques et minières;Imprimerie Moderne;Nantes;Cambrai (environs);;Non applicable;8 pages;fascicule;1968;14;130;A26664;Car121;;oui;emprise géographique dans le département du Nord
Carte géologique au 1/50000 - Carvin - XXV-5;Bureau de recherches géologiques et minières;Imprimerie Moderne;Nantes;Carvin (environs);;1:50000;1 carte;géologique;1968;14;131;A26663;Car122;;oui;emprise géographique sur Douai
Carte géologique au 1/50000 - Carvin - XXV-5;Bureau de recherches géologiques et minières;Berger-Levrault;Nancy;Carvin (environs);;Non applicable;27 pages;fascicule;1969;14;132;A26663;Car122;;oui;emprise géographique dans le département du Nord
Carte géologique au 1/50000 - Arras - XXIV-6;Bureau de recherches géologiques et minières;Imprimerie Moderne;Nantes;Arras (environs);;1:50000;1 carte;géologique;1968;14;133;A26665;Car123;;peut-être;emprise géographique sur la région (Pas-de-Calais)
Carte géologique au 1/50000 - Arras - XXIV-6;Bureau de recherches géologiques et minières;Berger-Levrault;Nancy;Arras (environs);;Non applicable;7 pages;fascicule;1968;14;134;A26665;Car123;;peut-être;emprise géographique sur la région (Pas-de-Calais)
Carte géologique au 1/50000 - Douai - XXV-6;Bureau de recherches géologiques et minières;Imprimerie Moderne;Nantes;Douai (environs);;1:50000;1 carte;géologique;1966;14;135;A26666;Car124;;oui;emprise géographique sur Douai
Carte géologique au 1/50000 - Douai - XXV-6;Bureau de recherches géologiques et minières;Berger-Levrault;Nancy;Douai (environs);;Non applicable;20 pages;fascicule;1967;14;136;A26666;Car124;;oui;emprise géographique sur Douai
Carte géologique de la France - Douai;Bureau de recherches géologiques et minières;NR;NR;Douai (environs);;1:80000;1 carte;géologique;1968;14;137;A26661;Car125;;oui;emprise géographique sur Douai
Carte géologique de la France - Feuille n°8 - Douai;Bureau de recherches géologiques et minières;Georges Frère;Tourcoing;Douai (environs);;Non applicable;16 pages;fascicule;1969;14;138;A26661;Car125;;oui;emprise géographique sur Douai
Carte touristique des Pays du Nord;Institut Géographique National;Institut Géographique National;Paris;Nord de la France, Belgique;;1:250000;1 carte;routière, touristique;1973;14;139;A26662;Car126;;oui;emprise géographique sur Douai
Kaart Van Nederland;Institut topographique des Pays-Bas, ANVV;Office national du tourisme (Pays-Bas);La Haye;Pays-Bas (recto), villes des Pays-Bas (verso);;1:500000;21 cartes;routière, touristique;[s.d.];14;140;D17688;Car127;;non;emprise géographique hors de Douai/région
59 Nord, carte détaillée département;CL .Poulet;Ponchet, OFF-SET;Paris, Levallois;Nord (département), villes du Nord;;1:166666;8 cartes;routière;[s.d.];15;141;A21514;Car128;;oui;emprise géographique sur Douai
62 Pas-de-Calais, carte détaillée département;CL .Poulet;Ponchet, OFF-SET;Paris, Levallois;Nord (département), villes du Nord;;1:166666;8 cartes;routière;[s.d.];15;142;A21514;Car129;;oui;emprise géographique sur Douai
Carte de France - Lyon - N-16;Institut Géographique National;Institut Géographique National;Paris;Lyon (environs);;1:100000;1 carte;physique, routière;1962;15;143;A19643;Car130;;non;emprise géographique hors de Douai/région
Carte de France - Vizille - P-18;Institut Géographique National;Institut Géographique National;Paris;Vizille (73, environs);;1:100000;1 carte;physique, routière;1961;15;144;A19643;Car131;;non;emprise géographique hors de Douai/région
Carte de France - Lille - L-2;Institut Géographique National;Institut Géographique National;Paris;Lille (59, environs);;1:100000;1 carte, 1 fascicule;physique, routière;1955;15;145;A19643;Car132;;peut-être;emprise géographique dans la région (Nord)
Carte de France - Arras - K-3;Institut Géographique National;Institut Géographique National;Paris;Arras (62, environs);;1:100000;1 carte, 1 fascicule;physique, routière;1960;15;146;A19435;Car133;;peut-être;emprise géographique dans la région (Pas-de-Calais)
Carte de France - Valenciennes - L-3;Institut Géographique National;Institut Géographique National;Paris;Valenciennes, Douai (environs);;1:100000;1 carte, 1 fascicule;physique, routière;1954;15;147;A19436;Car134;;oui;emprise géographique sur Douai
Carte de Fance - Firminy - M-17;Institut Géographique National;Institut Géographique National;Paris;Firminy (42, environs);;1:100000;1 carte, 1 fascicule;physique, routière;1962;15;148;A19643;Car135;;non;emprise géographique hors de Douai/région
Carte de Fance - Clermont-Ferrand - L-16;Institut Géographique National;Institut Géographique National;Paris;Clermont-Ferrand (63, environs);;1:100000;1 carte, 1 fascicule;physique, routière;1962;15;149;A19643;Car136;;non;emprise géographique hors de Douai/région
Carte de Fance - Cahors - J-20;Institut Géographique National;Institut Géographique National;Paris;Cahors (46, environs);;1:100000;1 carte, 1 fascicule;physique, routière;1963;15;150;A19643;Car137;;non;emprise géographique hors de Douai/région
Carte de Fance - Agen - H-20;Institut Géographique National;Institut Géographique National;Paris;Agen (47, environs);;1:100000;1 carte, 1 fascicule;physique, routière;1962;15;151;A19643;Car138;;non;emprise géographique hors de Douai/région
Carte de Fance - Brive - J-18;Institut Géographique National;Institut Géographique National;Paris;Brive-la-Gaillarde (19, environs);;1:100000;1 carte, 1 fascicule;physique, routière;1962;15;152;A19643;Car139;;non;emprise géographique hors de Douai/région
Carte de France - Arras - K-3;Institut Géographique National;Institut Géographique National;Paris;Arras (62, environs);;1:100000;1 carte;physique, routière;1958;15;153;A26659;Car140;;peut-être;emprise géographique dans la région (Pas-de-Calais)
Carte de France - Amiens - K-4;Institut Géographique National;Institut Géographique National;Paris;Amiens (80, environs);;1:100000;1 carte;physique, routière;1967;15;154;A26660;Car141;;peut-être;emprise géographique dans la région (Somme)
Carte de France - Valenciennes - L-3;Institut Géographique National;Institut Géographique National;Paris;Valenciennes, Douai (environs);;1:100000;1 carte;physique, routière;1966;15;155;A26657;Car142;;oui;emprise géographique sur Douai
Carte de France - Cambrai - L-4;Institut Géographique National;Institut Géographique National;Paris;Cambrai (environs);;1:100000;1 carte;physique, routière;1968;15;156;A26658;Car143;;peut-être;emprise géographique dans la région (Nord)
Carte de France - St-Amand-les-Eaux - XXVI-5;Institut Géographique National;Institut Géographique National;Paris;Saint-Amand-les-Eaux (environs);;1:50000;1 carte;physique, routière;1970;15;157;A26656;Car144;;oui;emprise géographique dans l'arrondissement de Douai (Orchies, Marchiennes)
Carte de France - Carvin - XXIV-5;Institut Géographique National;Institut Géographique National;Paris;Carvin (environs);;1:50000;1 carte;physique, routière;1970;15;158;A26649;Car145;;oui;emprise géographique sur Douai
Carte de France - Douai N°1-2;Institut Géographique National;Institut Géographique National;Paris;Douai (environs, Nord-Ouest);;1:25000;1 carte;physique, routière;1956;15;159;A26648;Car146(1);;oui;emprise géographique dans l'arrondissement de Douai
Carte de France - Douai N°3-4;Institut Géographique National;Institut Géographique National;Paris;Douai (environs, Sud-Est);;1:25000;1 carte;physique, routière;1958;15;160;A26648;Car146(2);;oui;emprise géographique sur Douai
Carte de France - Douai N°5-6;Institut Géographique National;Institut Géographique National;Paris;Douai (environs, Sud-Ouest);;1:25000;1 carte;physique, routière;1956;15;161;A26648;Car146(3);;oui;emprise géographique dans l'arrondissement de Douai
Carte de France - Douai N°7-8;Institut Géographique National;Institut Géographique National;Paris;Douai (environs, Sud);;1:25000;1 carte;physique, routière;1956;15;162;A26648;Car146(4);;oui;emprise géographique dans l'arrondissement de Douai
Carte de France - Carvin N°7-8;Institut Géographique National;Institut Géographique National;Paris;Carvin (environs, Sud-Est);;1:25000;1 carte;physique, routière;1959;15;163;A26647;Car147;;oui;emprise géographique sur Douai
Carte de France - Valenciennes - XXVI-6;Institut Géographique National;Institut Géographique National;Paris;Valenciennes (environs);;1:50000;1 carte;physique, routière;1970;15;164;A26655;Car148;;oui;emprise géographique dans l'arrondissement de Douai
Carte de France - Lille - XXV-4;Institut Géographique National;Institut Géographique National;Paris;Lille (environs);;1:50000;1 carte;physique, routière;1970;15;165;A26653;Car149;;peut-être;emprise géographique dans la région (Nord)
Carte de France - Douai - XXV-6;Institut Géographique National;Institut Géographique National;Paris;Douai (environs);;1:50000;1 carte;physique, routière;1969;15;166;A26652;Car150;;oui;emprise géographique sur Douai
Carte de France - Arras - XXIV-6;Institut Géographique National;Institut Géographique National;Paris;Arras (environs);;1:50000;1 carte;physique, routière;1968;15;167;A26651;Car151;;peut-être;emprise géographique dans la région (Pas-de-Calais)
Carte de France - Cambrai - XXV-7;Institut Géographique National;Institut Géographique National;Paris;Cambrai (environs);;1:50000;1 carte;physique, routière;1966;15;168;A26650;Car152;;peut-être;emprise géographique dans la région (Nord)
Carte de France - Béthune - XXIV-5;Institut Géographique National;Institut Géographique National;Paris;Béthune, Lens (environs);;1:50000;1 carte;physique, routière;1956;15;169;A26654;Car153;;peut-être;emprise géographique dans la région (Pas-de-Calais)
Bassin Houillier du Nord et du Pas-de-Calais;Charles Barrois, Paul Bertrand, Pïerre Pruvost;Ministère des Travaux Publics, service de la carte géologique et des topographies souterraines;Paris;Bassin minier du Nord de la France;;1:150000, 1:50000;1 carte, 19 coupes;géologique;1927;16;170;A4624;Car154;;priorité;précieux, histoire minière emprise géographique sur Douai
Environs de Bruxelles;E. Patesson;Touring Club de Belgique;Bruxelles;Bruxelles (environs);;1:40000;1 carte;routière;1919;16;171;A4624;Car155;;peut-être;ancienneté, qualité, emprise géographique hors de Douai
Carte du Bassin Houillier du Nord et du Pas-de-Calais : Concession houillères, Faisceaux, Veines et sondages;L. Bouffaut;Crédit Général;Lille;Bassin minier du Nord de la France;;1:95000;2 cartes;géologique, industrielle;[s.d.];16;172;A4624;Car156;;priorité;précieux, histoire minière emprise géographique sur Douai
Douai S.O.;Officiers du Corps d'État Major;Institut Géographique National;Paris;Douai (environs);;1:50000;1 carte;routière;1943;16;173;A4624;Car157;;oui;emprise géographique sur Douai
Carte du Bassin Houiller de Noyant, Le Montet, La Pochonnière (Allier), Saint-Eloy, La Bouble, Saint-Gervais, Pontaumur, Puy-Saint-Gulmier, Messeix, Singles, La Burande, et Varazennes (Puy-de-Dôme), Champagnac, et Vendes (Cantal) et bassins environnants;NR;NR;NR;Bassin minier du Massif-Central;;1:500000;1 carte;géologique, industrielle;[s.d.];16;174;A4624;Car158;;peut-être;histoire minière, emprise géographique hors de Douai/région
sans titre;F. Müllhaupt;Institut Géographique Mulot;Annecy;Haute-Savoie, Suisse, Italie;;1:300000;1 carte;physique, routière;[s.d.];16;175;A4624;Car159;;non;emprise géographique hors de Douai/région
Mines de la Clarence;NR;NR;NR;Coupe terrestre sous le puits n°1 de La Clarence;;1:1000;1 feuille;coupe géologique;1899;16;176;A4624;Car160;;oui;hitoire minière, emprise géographique dans la région (Pas-de-Calais)
Producion reparticion de las riquezas minerales de España;Georges Hyvert;Pont & Cie;Carcassonne;Péninsule Ibérique;;1:3000000;1 carte;industrielle;1900;16;177;A4624;Car161;;peut-être;histoire minière, emprise géographique hors de Douai/région
Afrique;Cartes Taride;Cartes Taride;Paris;Afrique;;1:8000000;7 cartes;politique;[ca1940];16;178;A4624;Car162;;non;emprise géographique hors de Douai/région
Nouvelle carte des Balkans après le partage de la Tchécoslovaquie et l'annexion de l'Albanie;Cartes Taride;Cartes Taride;Paris;Balkans;;1:2220000;1 carte;politique;[ca1939];16;179;A4624;Car163;;non;emprise géographique hors de Douai/région
Sondage de Vaudricourt;NR;NR;NR;Coupe terrestre d'un forage de sondage à l'ouest de la fosse 1 de Vaudricourt;;1:500;1 feuille;coupe géologique;1903;16;180;A4624;Car164;;oui;hitoire minière, emprise géographique dans la région (Pas-de-Calais)
Carte des environs de Charleroi au point de vue industriel;NR;NR;NR;Charleroi (Belgique, environs);;1:40000;1 carte;industrielle;[s.d.];16;181;A4624;Car165;;peut-être;histoire minière, emprise géographique hors de Douai/région
Italie;Blondel La Rougery;Blondel La Rougery;Paris;Italie;;1:1900000;1 carte;politique;1943;16;182;A4624;Car166;;non;emprise géographique hors de Douai/région
Tableau d'assemblage des six feuilles de la carte géologique de la France;Dufrénoy, Élie de Beaumont;NR;NR;France;;1:2000000;1 carte;géologique;[s.d.];16;183;A4624;Car167;;oui;histoire minière, emprise géographique sur Douai
Plan général de Gérardmer;Jean Baptiste Valentin;Klein;Épinal;Gérardmer (88, commune);;1:30000;1 carte;cadastrale;[s.d.];16;184;A4624;Car168;;non;emprise géographique hors de Douai/région
Geologische Übersichtskarte von Schlesien;Georg Dürich;J. U. Kern;Breslau;Silésie;;1:400000;1 carte;géologique;1890;16;185;A4624;Car169;;peut-être;histoire minière, emprise géographique hors de Douai/région
Douai;Institut Géographique National;Institut Géographique National;Paris;Douai (environs);;1:50000;1 carte;routière;1940;16;186;A4624;Car170;;oui;emprise géographique sur Douai
Lure;[Institut Géographique National];[Institut Géographique National];[Paris];Lure (25, environs);;1:82000;1 carte;physique;1888;16;187;A4624;Car171;;non;emprise géographique hors de Douai/région
Colmar;Officiers du Corps d'État Major;[Institut Géographique National];[Paris];Colmar (68, environs);;1:80000;1 carte;physique;1888;16;188;A4624;Car172;;non;emprise géographique hors de Douai/région
Epinal;[Officiers du Corps d'État Major];[Institut Géographique National];[Paris];Epinal (88, environs);;1:80000;1 carte;physique;[s.d.];16;189;A4624;Car173(2);;non;emprise géographique hors de Douai/région
Epinal;[Officiers du Corps d'État Major];[Institut Géographique National];[Paris];Epinal (88, environs);;1:80000;1 carte;physique;[s.d.];16;190;A4624;Car173(4);;non;emprise géographique hors de Douai/région
Carte des Charbonnages du Nord et du Pas-de-Calais;A. Rifflet;Jacques Miseron;Amiens;Bassin minier du Nord de la France;;1:100000;1 carte;industrielle;1910;16;191;M2306;Car174;;priorité;précieux, histoire minière emprise géographique sur Douai
Huy;Institut cartographique militaire;Institut cartographique militaire;NR;Huy (Belgique, environs);;1:40000;1 carte;routière, administrative;1920;17;192;M8625;Car175;;non;emprise géographique hors de Douai/région
Mons;Institut cartographique militaire;Institut cartographique militaire;NR;Mons (Belgique, environs);;1:40000;1 carte;routière, administrative;1921;17;193;M8626;Car176;;non;emprise géographique hors de Douai/région
Stavelot;Institut cartographique militaire;Institut cartographique militaire;NR;Stavelot (Belgique, environs);;1:40000;1 carte;routière, administrative;1921;17;194;M8627;Car177;;non;emprise géographique hors de Douai/région
Laroche;Institut cartographique militaire;Institut cartographique militaire;NR;Laroche (Belgique, environs);;1:40000;1 carte;routière, administrative;1937;17;195;M8629;Car178;;non;emprise géographique hors de Douai/région
Beauraing;Institut cartographique militaire;Institut cartographique militaire;NR;Beauraing (Belgique, environs);;1:40000;1 carte;routière, administrative;1920;17;196;M8628;Car179;;non;emprise géographique hors de Douai/région
Neufchâteau;Institut cartographique militaire;Institut cartographique militaire;NR;Neufchâteau (Belgique, environs);;1:40000;1 carte;routière, administrative;1921;17;197;M8632;Car180;;non;emprise géographique hors de Douai/région
Paliseul;Institut cartographique militaire;Institut cartographique militaire;NR;Paliseul (Belgique, environs);;1:40000;1 carte;routière, administrative;1920;17;198;M8630;Car181;;non;emprise géographique hors de Douai/région
Malmedy;Institut cartographique militaire;Institut cartographique militaire;NR;Malmedy (Belgique, environs);;1:40000;1 carte;routière, administrative;1924;17;199;M8632;Car182(2);;non;emprise géographique hors de Douai/région
St-Vith;Institut cartographique militaire;Institut cartographique militaire;NR;St-Vith (Belgique, environs);;1:40000;1 carte;routière, administrative;1924;17;200;M8633;Car182(3);;non;emprise géographique hors de Douai/région
Cantons Rédimés;Institut cartographique militaire;Institut cartographique militaire;NR;Cantons de l'Est (Belgique);;1:40000;1 carte;routière, administrative;1924;17;201;M8563;Car182(4);;non;emprise géographique hors de Douai/région
Péruwelz;Institut cartographique militaire;Institut cartographique militaire;NR;Péruwelz (Belgique, environs);;1:40000;1 carte;routière, administrative;1926;17;202;M8597;Car183;;oui;emprise géographique dans l'arrondissement de Douai
VI - L'Aisne, Soissons et la région de Noyon (de Lassigny à Missy sur Aisne);G. Malfroy;NR;NR;Soissons (environs);;Non applicable;1 vue du paysage en perspective;vue cavalière;[s.d.];17;203;M8636;Car184;;peut-être;emprise géographique dans la région (Aisne)
I - L'Yser (de Nieuport à Dixmude);G. Malfroy;NR;NR;Dixmude (Belgique, environs);;Non applicable;1 vue du paysage en perspective;vue cavalière;[s.d.];17;204;M8635;Car185;;peut-être;emprise géographique proche de la frontière
Hauwald;Institut cartographique militaire;Institut cartographique militaire;NR;Luxembourg;;1:40000;1 carte;routière, administrative;1920;17;205;M8634;Car186;;non;emprise géographique hors de Douai/région
XV - L'Alsace de Guebwiller à la frontière Suisse;G. Malfroy;NR;NR;Mulhouse (68, environs);;Non applicable;1 vue du paysage en perspective;vue cavalière;[s.d.];17;206;M8638;Car187;;non;emprise géographique hors de Douai/région
XIII - La Lorraine de Bioncourt à Celles;G. Malfroy;NR;NR;Lunéville (54, environs);;Non applicable;1 vue du paysage en perspective;vue cavalière;[s.d.];17;207;M8642;Car188;;non;emprise géographique hors de Douai/région
IV - La Picardie d'Arras à Péronne;G. Malfroy;NR;NR;Bapaume (environs);;Non applicable;1 vue du paysage en perspective;vue cavalière;[s.d.];17;208;M8639;Car189;;oui;emprise géographique sur Douai
VIII - La Champagne de Reims à Ville sur Tourbe;G. Malfroy;NR;NR;Reims (environs);;Non applicable;1 vue du paysage en perspective;vue cavalière;[s.d.];17;209;M8640;Car190;;non;emprise géographique hors de Douai/région
XI - Etain à Saint-Mihiel et Limey;G. Malfroy;NR;NR;Saint-Mihiel (environs);;Non applicable;1 vue du paysage en perspective;vue cavalière;[s.d.];17;210;M8641;Car191;;non;emprise géographique hors de Douai/région
VII - Le Chemin des Dames (de Missy sur Aisne à Reims);G. Malfroy;NR;NR;Reims (environs);;Non applicable;1 vue du paysage en perspective;vue cavalière;[s.d.];17;211;M8637;Car192;;peut-être;emprise géographique dans la région (Aisne)
Falaise, N-E, Berne, N-O;NR;NR;NR;Falaise (61, environs);;1:80000;1 carte;routière;[s.d.];17;212;M2207;Car193;;non;emprise géographique hors de Douai/région
Carte du théâtre de la guerre en Orient;R Hausermann;A. Lassailly ;Paris;Empire Ottoman (1914-1918);;1:465000;1 carte;politique;[1914-1918];17;213;M2205;Car194;;non;emprise géographique hors de Douai/région
Carte industrielle du bassin houillier de Charleroi;Félix Jottrand;Institut National de Géographie (Belgique);Bruxelles;Bassin minier de Charleroi;;1:30000;1 carte , 1 fascicule;industrielle;[s.d.];17;214;NR;Car195;;peut-être;histoire minière, emprise géographique hors de Douai/région
Bourges S.O.;Officiers du Corps d'État Major;Service Géographique de l'Armée;Paris;Bourges, 16 (environs);;1:50000;1 carte;physique, routière;1903;17;215;M8588;Car196(3);;non;emprise géographique hors de Douai/région
Bourges [N.E.];Officiers du Corps d'État Major;Service Géographique de l'Armée;Paris;Bourges, 16 (environs);;1:50000;1 carte;physique, routière;1903;17;216;M8589;Car196(1);;non;emprise géographique hors de Douai/région
Carte des opérations militaires sur le front français;NR;NR;NR;Nord de la France, Belgique, Luxembourg;;[1:1550000];1 carte;militaire;[s.d.];17;217;M8590;Car192;;oui;emprise géographique sur Douai
XII - La Lorraine de Limey à Bioncourt;G. Malfroy;NR;NR;Metz (57, environs);;Non applicable;1 vue du paysage en perspective;vue cavalière;[s.d.];17;218;M8643;Car198;;non;emprise géographique hors de Douai/région
[sans titre];NR;NR;NR;Nord de la France, Benelux;;1:500000;2 cartes;routière, industrielle, administrative;[s.d.];17;219;M8600;Car199;;oui;histoire minière, emprise géographique sur Douai
I - Les Flandres (de Dixmude à Armentières);G. Malfroy;NR;NR;Ypres (Belgique, environs);;Non applicable;1 vue du paysage en perspective;vue cavalière;[s.d.];17;220;M8644;Car200;;peut-être;emprise géographique dans la région (Nord)
Furnes;Institut cartographique militaire;Institut cartographique militaire;Belgique;Dunkerque, Furnes (environs);;1:40000;1 carte;routière;1921;17;221;M8648;Car201;;peut-être;emprise géographique dans la région (Nord)
Bruges;Institut cartographique militaire;Institut cartographique militaire;Belgique;Bruges (Belgique, environs);;1:40000;1 carte;routière;1937;17;222;M8647;Car202;;non;emprise géographique hors de Douai/région
Roisin;Institut cartographique militaire;Institut cartographique militaire;Belgique;Maubeuge (environs);;1:40000;1 carte;routière;1921;17;223;M8598;Car203;;peut-être;emprise géographique dans la région (Nord)
Ploegsteert;Institut cartographique militaire;Institut cartographique militaire;Belgique;Lille (environs);;1:40000;1 carte;routière;1921;17;224;M8646;Car204;;peut-être;emprise géographique dans la région (Nord)
III - L'Artois (d'Armentières à Arras);G. Malfroy;NR;NR;Béthune, Lens, Douai, Arras (environs);;Non applicable;1 vue du paysage en perspective;vue cavalière;[s.d.];17;225;M8645;Car205;;oui;emprise géographique sur Douai
Thielt;Institut cartographique militaire;Institut cartographique militaire;Belgique;Thielt (Belgique, environs);;1:40000;1 carte;routière;1921;17;226;M8652;Car206;;non;emprise géographique hors de Douai/région
Roulers;Institut cartographique militaire;Institut cartographique militaire;Belgique;Roulers (Belgique, environs);;1:40000;1 carte;routière;1921;17;227;M8650;Car207;;non;emprise géographique hors de Douai/région
Gemmenich;Institut cartographique militaire;Institut cartographique militaire;Belgique;Aix-la-Chappelle (Allemagne, environs);;1:40000;1 carte;routière;1931;17;228;M8649;Car208;;non;emprise géographique hors de Douai/région
Tournai;Institut cartographique militaire;Institut cartographique militaire;Belgique;Tournai (Belgique, environs);;1:40000;1 carte;routière;1921;17;229;M8599;Car209;;peut-être;emprise géographique dans la région (Nord)
La Pologne;Léonard Chodzko;Avril Frères;Paris;Grand-Duché de Pologne-Lithuanie (XVIIIe siècle);;[1:10500000];1 carte;historique, administrative;1855;17;230;M8988;Car210;;peut-être;Histoire de la Pologne, emprise géographique hors de Douai/région
St Trond;Institut cartographique militaire;Institut cartographique militaire;Belgique;St Trond (Belgique, environs);;1:40000;1 carte;routière;1921;17;231;M8674;Car211;;non;emprise géographique hors de Douai/région
Tongres;Institut cartographique militaire;Institut cartographique militaire;Belgique;Tongres (Belgique, environs);;1:40000;1 carte;routière;1922;17;232;M8675;Car212;;non;emprise géographique hors de Douai/région
Namur;Institut cartographique militaire;Institut cartographique militaire;Belgique;Namur (Belgique, environs);;1:40000;1 carte;routière;1924;17;233;M8624;Car213;;non;emprise géographique hors de Douai/région
Ypres;Institut cartographique militaire;Institut cartographique militaire;Belgique;Ypres (Belgique, environs);;1:40000;1 carte;routière;1921;17;234;M8669;Car214;;peut-être;emprise géographique dans la région (Nord)
Courtrai;Institut cartographique militaire;Institut cartographique militaire;Belgique;Courtrai (Belgique, environs);;1:40000;1 carte;routière;1921;17;235;M8673;Car215;;peut-être;emprise géographique dans la région (Nord)
Granmont;Institut cartographique militaire;Institut cartographique militaire;Belgique;Grandmont (Belgique, environs);;1:40000;1 carte;routière;1921;17;236;M8672;Car216;;non;emprise géographique hors de Douai/région
Reekheim;Institut cartographique militaire;Institut cartographique militaire;Belgique;Reekheim (Belgique, environs);;1:40000;1 carte;routière;1921;17;237;M8671;Car217;;non;emprise géographique hors de Douai/région
Prosen;Institut cartographique militaire;Institut cartographique militaire;Belgique;Prosen (Belgique, environs);;1:40000;1 carte;routière;1921;17;238;M8670;Car218;;non;emprise géographique hors de Douai/région
Luftverkehrskarte des Deutches Reiches;Aero-club von Deutschland;Berliner Lito. Institut;Berlin;Allemagne (1933-1938);;1:1000000;1 carte;routière, administrative;[1933-1938];17;239;M8609;Car219;;non;emprise géographique hors de Douai/région
Sugny;Institut cartographique militaire;Institut cartographique militaire;Belgique;Sugny (Belgique, environs);;1:40000;1 carte;routière;1921;17;240;M8610;Car220;;non;emprise géographique hors de Douai/région
Charleroi;Institut cartographique militaire;Institut cartographique militaire;Belgique;Charleroi (Belgique, environs);;1:40000;1 carte;routière, physique;1908;18;241;M8611;Car221;;non;emprise géographique hors de Douai/région
Esschen;Institut cartographique militaire;Institut cartographique militaire;Belgique;Eeschen (Belgique, environs;;1:40000;1 carte;routière, physique;1922;18;242;M8608;Car222;;non;emprise géographique hors de Douai/région
Ath;Institut cartographique militaire;Institut cartographique militaire;Belgique;Ath (Belgique, environs);;1:40000;1 carte;routière, physique;1921;18;243;M8607;Car223;;non;emprise géographique hors de Douai/région
Malines;Institut cartographique militaire;Institut cartographique militaire;Belgique;Malines (Belgique, environs);;1:40000;1 carte;routière, physique;1936;18;244;M8606;Car224;;non;emprise géographique hors de Douai/région
Gand;Institut cartographique militaire;Institut cartographique militaire;Belgique;Gand (Belgique, environs);;1:40000;1 carte;routière, physique;1921;18;245;M8605;Car225;;non;emprise géographique hors de Douai/région
La France (N°7bis);NR;Agence Gutenberg;Lyon;France occupée, France libre (1940-1942);;NR;3 cartes;administrative;[1940-1942];18;246;M8603;Car226;;oui;emprise géographique sur Douai
Waremme;Institut cartographique militaire;Institut cartographique militaire;Belgique;Warenne (Belgique, environs);;1:40000;1 carte;routière, physique;1921;18;247;M8586;Car227;;non;emprise géographique hors de Douai/région
Limbourg;Institut cartographique militaire;Institut cartographique militaire;Belgique;Limbourg (Belgique, environs);;1:40000;1 carte;routière, physique;1937;18;248;M8585;Car228;;non;emprise géographique hors de Douai/région
Vielsalm;Institut cartographique militaire;Institut cartographique militaire;Belgique;Vielsalm (Belgique, environs);;1:40000;1 carte;routière, physique;1920;18;249;M8584;Car229;;non;emprise géographique hors de Douai/région
Sterpenich;Institut cartographique militaire;Institut cartographique militaire;Belgique;Sterpenich (Belgique, environs);;1:40000;1 carte;routière, physique;1926;18;250;M8583;Car230;;non;emprise géographique hors de Douai/région
Lokeren;Institut cartographique militaire;Institut cartographique militaire;Belgique;Lokeren (Belgique, environs);;1:40000;1 carte;routière, physique;1921;18;251;M8573;Car231;;non;emprise géographique hors de Douai/région
Ostende;Institut cartographique militaire;Institut cartographique militaire;Belgique;Ostende (Belgique, environs);;1:40000;1 carte;routière, physique;1921;18;252;M8572;Car232;;non;emprise géographique hors de Douai/région
Oost Dunkirk;Institut cartographique militaire;Institut cartographique militaire;Belgique;Oost Dunkirk (Belgique, environs);;1:40000;1 carte;routière, physique;1921;18;253;M8571;Car233;;non;emprise géographique hors de Douai/région
Beverbeek;Institut cartographique militaire;Institut cartographique militaire;Belgique;Beverbeek (Belgique, environs);;1:40000;1 carte;routière, physique;1922;18;254;M8570;Car234;;non;emprise géographique hors de Douai/région
Turnhout;Institut cartographique militaire;Institut cartographique militaire;Belgique;Turnhout (Belgique, environs);;1:40000;1 carte;routière, physique;1935;18;255;M8569;Car235;;non;emprise géographique hors de Douai/région
Aerendonck;Institut cartographique militaire;Institut cartographique militaire;Belgique;Aerendonck (Belgique, environs);;1:40000;1 carte;routière, physique;1922;18;256;M8568;Car236;;non;emprise géographique hors de Douai/région
Copellen;Institut cartographique militaire;Institut cartographique militaire;Belgique;Copellen (Belgique, environs);;1:40000;1 carte;routière, physique;1923;18;257;M8567;Car237;;non;emprise géographique hors de Douai/région
Waterwliet;Institut cartographique militaire;Institut cartographique militaire;Belgique;Waterwliet (Belgique, environs);;1:40000;1 carte;routière, physique;1921;18;258;M8566;Car238;;non;emprise géographique hors de Douai/région
Blankenberghe;Institut cartographique militaire;Institut cartographique militaire;Belgique;Blankenberghe (Belgique, environs);;1:40000;1 carte;routière, physique;1921;18;259;M8565;Car239;;non;emprise géographique hors de Douai/région
Westcapelle;Institut cartographique militaire;Institut cartographique militaire;Belgique;Westcapelle (Belgique, environs);;1:40000;1 carte;routière, physique;1921;18;260;M8564;Car240;;non;emprise géographique hors de Douai/région
Limerlé;Institut cartographique militaire;Institut cartographique militaire;Belgique;Limerlé (Belgique, environs);;1:40000;1 carte;routière, physique;1921;18;261;M8562;Car241;;non;emprise géographique hors de Douai/région
Cul des Sart;Institut cartographique militaire;Institut cartographique militaire;Belgique;Cul des Sart (Belgique, environs);;1:40000;1 carte;routière, physique;1922;18;262;M8561;Car242;;non;emprise géographique hors de Douai/région
Gedinnes;Institut cartographique militaire;Institut cartographique militaire;Belgique;Gedinnes (Belgique, environs);;1:40000;1 carte;routière, physique;1919;18;263;M8582;Car243;;non;emprise géographique hors de Douai/région
Thuin;Institut cartographique militaire;Institut cartographique militaire;Belgique;Thuin (Belgique, environs);;1:40000;1 carte;routière, physique;1922;18;264;M8581;Car244;;non;emprise géographique hors de Douai/région
Chimay;Institut cartographique militaire;Institut cartographique militaire;Belgique;Chimay (Belgique, environs);;1:40000;1 carte;routière, physique;1921;18;265;M8580;Car245;;non;emprise géographique hors de Douai/région
Aersehot;Institut cartographique militaire;Institut cartographique militaire;Belgique;Aersehot (Belgique, environs);;1:40000;1 carte;routière, physique;1931;18;266;M8572;Car246;;non;emprise géographique hors de Douai/région
Meerle;Institut cartographique militaire;Institut cartographique militaire;Belgique;Meerle (Belgique, environs);;1:40000;1 carte;routière, physique;1922;18;267;M8577;Car247;;non;emprise géographique hors de Douai/région
Maerle;Institut cartographique militaire;Institut cartographique militaire;Belgique;Maerle (Belgique, environs);;1:40000;1 carte;routière, physique;1934;18;268;M8576;Car248;;non;emprise géographique hors de Douai/région
Sierre;Institut cartographique militaire;Institut cartographique militaire;Belgique;Sierre (Belgique, environs);;1:40000;1 carte;routière, physique;1935;18;269;M8574;Car249;;non;emprise géographique hors de Douai/région
Maesyck;Institut cartographique militaire;Institut cartographique militaire;Belgique;Maesyck;;1:40000;1 carte;routière, physique;1922;18;270;M8575;Car250;;non;emprise géographique hors de Douai/région
Marche;Institut cartographique militaire;Institut cartographique militaire;Belgique;Marche (Belgique, environs);;1:40000;1 carte;routière, physique;1921;18;271;M8623;Car251;;non;emprise géographique hors de Douai/région
Durbuy;Institut cartographique militaire;Institut cartographique militaire;Belgique;Durbuy (Belgique, environs);;1:40000;1 carte;routière, physique;1921;18;272;M8622;Car252;;non;emprise géographique hors de Douai/région
Spa;Institut cartographique militaire;Institut cartographique militaire;Belgique;Spa (Belgique, environs);;1:40000;1 carte;routière, physique;1921;18;273;M8621;Car253;;non;emprise géographique hors de Douai/région
Virton;Institut cartographique militaire;Institut cartographique militaire;Belgique;Virton (Belgique, environs);;1:40000;1 carte;routière, physique;1921;18;274;M8620;Car254;;non;emprise géographique hors de Douai/région
Villers devant Orval;Institut cartographique militaire;Institut cartographique militaire;Belgique;Villers devant Orval;;1:40000;1 carte;routière, physique;1922;18;275;M8619;Car255;;non;emprise géographique hors de Douai/région
Dinant;Institut cartographique militaire;Institut cartographique militaire;Belgique;Dinant (Belgique, environs);;1:40000;1 carte;routière, physique;1923;18;276;M8618;Car256;;non;emprise géographique hors de Douai/région
Arlon;Institut cartographique militaire;Institut cartographique militaire;Belgique;Arlon (Belgique, environs);;1:40000;1 carte;routière, physique;1921;18;277;M8617;Car257;;non;emprise géographique hors de Douai/région
Bonillon;Institut cartographique militaire;Institut cartographique militaire;Belgique;Bonillon (Belgique, environs);;1:40000;1 carte;routière, physique;1920;18;278;M8616;Car258;;non;emprise géographique hors de Douai/région
St Hubert;Institut cartographique militaire;Institut cartographique militaire;Belgique;St Hubert (Belgique, environs);;1:40000;1 carte;routière, physique;1937;18;279;M8614;Car259;;non;emprise géographique hors de Douai/région
Nivelles;Institut cartographique militaire;Institut cartographique militaire;Belgique;Nivelles (Belgique, environs);;1:40000;1 carte;routière, physique;1922;18;280;M8613;Car260;;non;emprise géographique hors de Douai/région
Wavre;Institut cartographique militaire;Institut cartographique militaire;Belgique;Wavre (Belgique, environs);;1:40000;1 carte;routière, physique;1921;18;281;M8612;Car261;;non;emprise géographique hors de Douai/région
Hosselt;Institut cartographique militaire;Institut cartographique militaire;Belgique;Hosselt (Belgique, environs);;1:40000;1 carte;routière, physique;1922;18;282;M8578;Car262;;non;emprise géographique hors de Douai/région
Plan de la concession des mines de l'Escarpelle;NR;NR;NR;Concession des mines de l'Escarpelle;;1:40000;1 carte;industrielle;[s.d.];18;283;M2305;Car263;;oui;histoire minière, emprise géographique sur Douai
Carte Taride - Routière N°36 - Allemagne du Nord;Cartes Taride;Cartes Taride;Paris;Allemagne (1918-1939);;1:900000;2 cartes;routière;[1918-1939];19;284;M8664;Car264;;non;emprise géographique hors de Douai/région
France - Région touristique Pas-de-Calais;Fédération régionale des syndicats d'initiative;Nisse;Croix;Nord, Pas-de-Calais, Somme;;[1:520000];1 carte, 1 gravure, 12 photographies;touristique;[ca1970];19;285;D14138;Car265;;oui;emprise géographique sur Douai
Lille;E. Baudelot;E. Baudelot;Paris;Lille;;[1:10000];1 carte, publicités;touristique;[s.d. (1930?)];19;286;A3553;Car266;;peut-être;emprise géographique dans la région (Nord)
N°4 BERGEN-LUXEMBURG;Manufacture de caoutchouc MICHELIN;Schneider Fres et Mary;Levallois-Perret;Nord, Belgique, Luxembourg;;1:200000;1 carte;routière;1952;19;287;M8668;Car267;;peut-être;collection complète, emprise géographique dans la région (Nord)
N°999 GRANDES ROUTES;Manufacture de caoutchouc MICHELIN;Déchaux;Paris;Partie Nord de la France;;1:1000000;1 carte;routière;1957;19;288;A6815;Car268;;peut-être;collection complète,emprise géographique hors de Douai/région
N°72 ANGOULEME-LIMOGES;Manufacture de caoutchouc MICHELIN;L. Delaporte;Paris;Charente-Maritime, Charente, Deux-Sèvres, Vienne, Haute-Vienne, Creuse, Corrèze;;1:200000;1 carte;routière;1958;19;289;M8667;Car269;;peut-être;collection complète, emprise géographique hors de Douai/région
N°54 CHERBOURG-ROUEN;Manufacture de caoutchouc MICHELIN;L. Delaporte;Paris;Manche, Calvados, Seine-Maritime, Eure;;1:200000;1 carte;routière;1959;19;290;M8658;Car270;;peut-être;collection complète, emprise géographique hors de Douai/région
N°52 LE HAVRE-AMIENS;Manufacture de caoutchouc MICHELIN;Gaston Maillet et Cie;Saint-Ouen;Haute-Normandie, Somme;;1:200000;1 carte;routière;1959;19;291;M8656;Car271;;peut-être;collection complète, emprise géographique dans la région (Somme)
Atlas grandes routes de France;Manufacture de caoutchouc MICHELIN;L.P.F.L.D.;Loos;France;;1:1000000;1 carte non dépliable (39p.);routière;1958;19;292;M8657;Car272;;oui;emprise géographique sur Douai
Région du Nord;Girard et Barrère;Girard et Barrère;Paris;Nord de la France;;1:400000;1 carte;routière, administrative;[s.d. (1930?)];19;293;M8601;Car273;;oui;emprise géographique sur Douai
Poitiers et environs Est;Service géographique de l'Armée;Service géographique de l'Armée;Paris;Poitiers (environs, Est);;1:20000;1 carte;physique;1928;19;294;M8587;Car274;;non;emprise géographique hors de Douai/région
Camp de Sissonne;Service géographique de l'Armée;Service géographique de l'Armée;Paris;Camp de Sissonne (Aisne);;1:50000;1 carte;physique;[s.d.];19;295;M8663;Car275;;peut-être;collection complète, emprise géographique dans la région (Aisne)
Douai;Officiers du Corps d'État Major;Thuillier;NR;Douai (environs);;1:80000;1 carte;physique;1914;19;296;M8604;Car276;;oui;emprise géographique sur Douai
La Réole S.O.;Service géographique de l'Armée;Service géographique de l'Armée;Paris;La Réole (33, environs);;1:50000;1 carte;physique;1935;19;295;M8591;Car277;;non;emprise géographique hors de Douai/région
Douai S.O.;Officiers du Corps d'État Major;Dépôt de la Guerre;NR;Douai (environs);;1:80000;1 carte;physique;1914;19;296;M8615;Car278;;oui;emprise géographique sur Douai
Douai;Officiers du Corps d'État Major;Dépôt de la Guerre;NR;Douai (environs, N-O);;1:50000;1 carte;physique;1914;19;299;M8665;Car279(1);;oui;emprise géographique sur Douai
Douai;Officiers du Corps d'État Major;Dépôt de la Guerre;NR;Douai (environs, N-E);;1:50000;1 carte;physique;1914;19;300;M8659;Car279(2);;oui;emprise géographique sur Douai
Douai;Officiers du Corps d'État Major;Dépôt de la Guerre;NR;Douai (environs, S-O);;1:50000;1 carte;physique;1914;19;301;M8662;Car279(3);;oui;emprise géographique sur Douai
Northern Canada;James White;Railway Lands Branch - Department of Interior;Ottawa;Alberta, Saskatchewan, Territoires du Nord-Ouest;;1:1500000;1 carte;industrielle;[s.d.];19;302;M8989;Car280;;peut-être;histoire minière, emprise géographique hors de Douai/région
Map of the dominion of Canada;James White;Railway Lands Branch - Department of Interior;Ottawa;Canada (dominion);;1:6336000;1 carte;indsutrielle;1908;19;303;M8990;Car281;;non;emprise géographique hors de Douai/région
Atlas of Canada N°7 - Minerals;Railway Lands Branch - Department of Interior;Railway Lands Branch - Department of Interior;Ottawa;Canada (dominion);;1:6336000;1 carte;indsutrielle;[s.d. ca1908];19;304;M8991;Car282;;peut-être;histoire minière, emprise géographique hors de Douai/région
Northeast Canada;James White;Railway Lands Branch - Department of Interior;Ottawa;Territoires du Nord-Ouest (Canada);;1:2217600;1 carte;maritime;[s.d. ca1908];19;305;M8992;Car283;;non;emprise géographique hors de Douai/région
Average possible hours of sunshine in summer months / Temperature Maps / Isotherms, precipitations, snowfall maps / Isobars;James White;Railway Lands Branch - Department of Interior;Ottawa;Canada;;Non applicable;20 cartes;météorologique;[s.d. ca1908];19;306;M8993;Car284;;non;emprise géographique hors de Douai/région
Carte de la Patagonie (confédération argentine);R. Hanserman;Becquet;Paris;Patagonie (Argentine);;1:9000000;1 carte;physique, administrative;1877;19;307;Don M2204;Car285;;non;emprise géographique hors de Douai/région
Plan de la ville de Nantes;Syndicat d'initiative;Imprimerie Armoricaine;Nantes;Nantes;;1:10000;1 carte;touristique;[s.d.];20;308;M8595;Car286;;non;emprise géographique hors de Douai/région
Plan de Lorient;Librairie Pin;Librairie Pin;Lorient;Lorient;;1:8000;1 carte;touristique;[s.d.];20;309;M8593;Car287;;non;emprise géographique hors de Douai/région
Région de Charleroi;Librairie de la Bourse;Librairie de la Bourse;Charleroi;Charleroi (Belgique, environs);;1:10000;1 carte;administrative, industrielle;[s.d.];20;310;M8676;Car288;;peut-être;histoire minière, emprise géographique hors de Douai/région
Plan de la ville de Tours;Erbard;DESLIS. R. et P.;Tours;Tours;;1:8000;1 carte;touristique;[s.d.];20;311;M8596;Car289;;non;emprise géographique hors de Douai/région
Plan de Rennes;Oberthur;Librairie moderne J. Larcher;Rennes;Rennes;;1:10000;1 carte;touristique;1940;20;312;NR;Car290;;non;emprise géographique hors de Douai/région
France [(Douai)];NR;NR;NR;Douai (environs);;1:40000;1 carte;militaire;1917;20;313;M8592;Car291;;oui;emprise géographique sur Douai, Première Guerre mondiale
Voyage de Stanley du Congo à Zanzibar (supplément au journal Le Temps);C. Pariset;Le Temps;Paris;Afrique centrale;;1:9250000;1 carte, 1 article de journal;récit de voyage;1887;20;314;L.1015 / D. M2203;Car292;;non;emprise géographique hors de Douai/région
Plan d'Athènes;Office du tourisme Helénique;Office du tourisme Helénique;Paris;Athènes;;NR;1 carte;touristique;[s.d.];20;315;D17638;Car293;;non;emprise géographique hors de Douai/région
N°86 Vendée;Blondel La Rougery;Blondel La Rougery;Paris;Vendée;;1:200000;1 carte;administrative, routière;[s.d.];20;316;M8602;Car294;;non;emprise géographique hors de Douai/région
Pianura Veneto-Friulana;Istituto Geografico Militare;Istituto Geografico Militare;Rome;Vénétie, Frioule (Italie);;1:100000;1 carte;routière;1882;20;317;M8661;Car295;;non;emprise géographique hors de Douai/région
Trentino Orientale;Istituto Geografico Militare;Istituto Geografico Militare;Rome;Trentin;;1:100000;1 carte;routière, physique;1917;20;318;M8660;Car296;;non;emprise géographique hors de Douai/région
Carte des environs de Montpellier;R. Gailhard;Camille Coulet;Montpellier;Montpellier (environs);;1:20000;1 carte;routière;1879;21;319;M2307;Car297;;non;emprise géographique hors de Douai/région
Douai;Officiers du Corps d'État Major;Dépôt de la Guerre;NR;Concessions des mines autour de Douai;;1:80000;1 carte;indsutrielle;1889;21;320;M2308;Car298;;oui;histoire minière, emprise géographique sur Douai
Nogent-le-Rotrou N.E.;Officiers du Corps d'État Major;Dépôt de la Guerre;NR;Nogent-le-Rotrou (28, environs);;1:80000;1 carte;physique;1852;21;321;M2206;Car299;;peut-être;emprise géographique hors de Douai/région, musée S. Henry Berthoud
Concessions du Pas-de-Calais;Société des Mines de Lens;Société des Mines de Lens;Lens;Bassin minier du Nord de la France;;1:40000;1 carte;industrielle;1887;21;322;NR;Car300;;oui;histoire minière, emprise géographique sur Douai
Map of the coalfield of Northumberland & Durham;William Oliver;NR;NR;Nord-Est de l'Angleterre;;1:50000;1 carte;industrielle;1851;21;323;A4624;Car301;;peut-être;histoire minière, emprise géographique hors de Douai/région
Bassin Houillier du Pas-de-Calais;NR;NR;NR;Bassin minier du Nord de la France (Pas-de-Calais);;1:40000;1 carte, 2 coupes;industrielle;[s.d.];21;324;M8995;Car302;;oui;histoire minière, emprise géographique sur Douai
[sans titre];NR;Imprimerie nationale;NR;Région PACA + Corse;;1:500000;1 carte;administrative;[ca1950];A2T7;325; Depôt de l'Etat 12,918;Car+42;;non;emprise géographique hors de Douai/région
Carte géologique détaillée de la France XXXIII-15 Toul;Direction du service Géologique et des laboratoires;IGN;Paris;Toul (environs);;1:50000;1 carte, 1 fascicule;géologique;1968;A2T7;326;A22523;Car+44;;non;emprise géographique hors de Douai/région
Carte géologique détaillée de la France XXVII-10 Laon;Direction du service Géologique et des laboratoires;IGN;Paris;Laon (environs);;1:50000;1 carte, 1 fascicule;géologique;1968;A2T7;327;A22524;Car+45;;peut-être;emprise géographique dans la région (Nord)
Carte géologique détaillée de la France XIX-22 Amboise;Direction du service Géologique et des laboratoires;IGN;Paris;Amboise (environs);;1:50000;1 carte, 1 fascicule;géologique;1968;A2T7;328;A22522;Car+46;;non;emprise géographique hors de Douai/région
Carte géologique détaillée de la France XXIX-23 Pouilly-en-Auxois;Direction du service Géologique et des laboratoires;IGN;Paris;Pouilly-en-Auxois (environs);;1:50000;1 carte, 1 fascicule;géologique;1968;A2T7;329;A22525;Car+47;;non;emprise géographique hors de Douai/région
Croquis hydrographique de l'Afrique centrale mis au courant des dernières explorations par A.J.Wauters;Ateliers de l'institut Nantional de Géographie;Institut National de Géographie (Belgique);Bruxelles;Congo;;1:10000000;1 carte;administrative, hydrographique;1885;A2T7;330;[pas de cote];[pas de cote];;peut-être;ancienneté, emprise géographique hors de Douai
ARTESIA COMITATVS Artois [impression de mauvaise qualité d'une carte de Blaeuw];Guillaume Blaeu;Guillaume Blaeu;Amsterdam;Comté d'Artois;;NR;1 carte;administrative;[XVIIe siècle];A2T7;331;[pas de cote];[pas de cote];;peut-être;mauvaise qualité, emprise géographique sur Douai
MAPS SHOWING THE LOCATION OF THE DIPLOMATIC AND CONSULAR OFFICES OF THE UNITED STATES OF AMERICA;Secretary of State;Government Printing Office;Washington;Monde;;multiples;1 fascicule de 7 cartes;administrative;1888;A2T7;332;M8999;Car+49;;peut-être;
Atlas Universel - Asie politique;Vivien de Saint-Martin & Fr. Schrader;Hachette & compagnie;Paris;Asie;;1:25000000;1 carte;administrative;1900;A2T7;333;M9000;Car+50;;peut-être;
Atlas Universel - Asie en dix feuilles - feuille 1 : Asie Mineure et Caucasie;Vivien de Saint-Martin & Fr. Schrader;Hachette & compagnie;Paris;Moyen-Orient;;1:5000000;1 carte;administrative;1905;A2T7;334;M9001;Car+51(1);;peut-être;
Atlas Universel - Asie en dix feuilles - feuille 3 : Mongolie;Vivien de Saint-Martin & Fr. Schrader;Hachette & compagnie;Paris;Mongolie;;1:5000000;1 carte;administrative;1910;A2T7;335;M9001;Car+51(3);;peut-être;
Atlas Universel - Asie en dix feuilles - feuille 4 : Japon, Corée, Mandchourie;Vivien de Saint-Martin & Fr. Schrader;Hachette & compagnie;Paris;Japon, Corée, Mandchourie;;1:5000000;1 carte;administrative;[s.d.];A2T7;336;M9001;Car+51(4);;peut-être;
Atlas Universel - Asie en dix feuilles - feuille 6 : Perse, Afghanistan, Inde du Nord-Ouest;Vivien de Saint-Martin & Fr. Schrader;Hachette & compagnie;Paris;Iran, Afghanistan, RAJ;;1:5000000;1 carte;administrative;[s.d.];A2T7;337;M9001;Car+51(6);;peut-être;
Atlas Universel - Asie en dix feuilles - feuille 9 : Inde Méridionale;Vivien de Saint-Martin & Fr. Schrader;Hachette & compagnie;Paris;RAJ;;1:5000000;1 carte;administrative;1900;A2T7;338;M9001;Car+51(9);;peut-être;
Atlas Universel - Asie en dix feuilles - feuille 10 : Indo-Chine;Vivien de Saint-Martin & Fr. Schrader;Hachette & compagnie;Paris;Asie du Sud-Est;;1:5000000;1 carte;administrative;1911;A2T7;339;M9001;Car+51(10);;peut-être;
Atlas Universel - Archipel Asiatique;Vivien de Saint-Martin & Fr. Schrader;Hachette & compagnie;Paris;Îles d'Asie du Sud-Est;;1:10000000;4 cartes;administrative;1897;A2T7;340;M9002;Car+52;;peut-être;
Atlas Universel - Amérique septentrionale;Vivien de Saint-Martin & Fr. Schrader;Hachette & compagnie;Paris;Amérique du Nord;;1:20000000;1 carte;administrative;1891;A2T7;341;M9003;Car+53;;peut-être;
Atlas Universel - Puissance du Canada;Vivien de Saint-Martin & Fr. Schrader;Hachette & compagnie;Paris;Canada;;1:10000000;1 carte;administrative;1899;A2T7;342;M9004;Car+54;;peut-être;
Atlas Universel - Etats-Unis;Vivien de Saint-Martin & Fr. Schrader;Hachette & compagnie;Paris;Etats-Unis;;1:10000000;1 carte;administrative;1904;A2T7;343;M9005;Car+55;;peut-être;
Atlas Universel - Etats-Unis en 4 feuilles : Nord-Ouest;Vivien de Saint-Martin & Fr. Schrader;Hachette & compagnie;Paris;Etats-Unis (Nord-Ouest);;1:5000000;1 carte;administrative;1909;A2T7;344;M9006;Car+56(1);;peut-être;
Atlas Universel - Etats-Unis en 4 feuilles : Nord-Est;Vivien de Saint-Martin & Fr. Schrader;Hachette & compagnie;Paris;Etats-Unis (Nord-Est);;1:5000000;1 carte;administrative;1908;A2T7;345;M9006;Car+56(2);;peut-être;
Atlas Universel - Etats-Unis en 4 feuilles : Sud-Ouest;Vivien de Saint-Martin & Fr. Schrader;Hachette & compagnie;Paris;Etats-Unis (Sud-Ouest);;1:5000000;3 cartes;administrative;1908;A2T7;346;M9006;Car+56(3);;peut-être;
Atlas Universel - Etats-Unis en 4 feuilles : Sud-Est;Vivien de Saint-Martin & Fr. Schrader;Hachette & compagnie;Paris;Etats-Unis (Sud-Est);;1:5000000;2 cartes;administrative;1908;A2T7;347;M9006;Car+56(4);;peut-être;
Atlas Universel - Etats-Unis, région du Nord-Est;Vivien de Saint-Martin & Fr. Schrader;Hachette & compagnie;Paris;Etats-Unis (Nord-Est);;1:3000000;2 cartes;administrative;1906;A2T7;348;M9007;Car+57;;peut-être;
Atlas Universel - Mexique;Vivien de Saint-Martin & Fr. Schrader;Hachette & compagnie;Paris;Mexique;;1:5000000;3 cartes;administrative;1884;A2T7;349;M9008;Car+58;;peut-être;
Atlas Universel - Antilles;Vivien de Saint-Martin & Fr. Schrader;Hachette & compagnie;Paris;Caraïbes;;1:5600000;3 cartes;administrative;1888;A2T7;350;M9009;Car+59;;peut-être;
Atlas Universel - Amérique Centrale;Vivien de Saint-Martin & Fr. Schrader;Hachette & compagnie;Paris;Mésoamérique;;1:4500000;2 cartes;administrative;1886;A2T7;351;M9010;Car+60;;peut-être;
Atlas Universel - Amérique du Sud politique;Vivien de Saint-Martin & Fr. Schrader;Hachette & compagnie;Paris;Amérique latine;;1:20000000;1 carte;administrative;1898;A2T7;352;M9011;Car+61;;peut-être;
Atlas Universel - Amérique du Sud en 5 feuilles - feuille 1;Vivien de Saint-Martin & Fr. Schrader;Hachette & compagnie;Paris;Colombie, Equateur;;1:6000000;1 carte;administrative;1895;A2T7;353;M9012;Car+62(1);;peut-être;
Atlas Universel - Amérique du Sud en 5 feuilles - feuille 3;Vivien de Saint-Martin & Fr. Schrader;Hachette & compagnie;Paris;Bolivie, Nord du Chili, Sud du Pérou;;1:6000000;1 carte;administrative;1893;A2T7;354;M9012;Car+62(3);;peut-être;
Atlas Universel - Amérique du Sud en 5 feuilles - feuille 2;Vivien de Saint-Martin & Fr. Schrader;Hachette & compagnie;Paris;Guyanes, Nord du Brésil;;1:6000000;1 carte;administrative;1894;A2T7;355;M9012;Car+62(2);;peut-être;
Atlas Universel - Amérique du Sud en 5 feuilles - feuille 5;Vivien de Saint-Martin & Fr. Schrader;Hachette & compagnie;Paris;Argentine, Sud du Chili;;1:6000000;2 cartes;administrative;1891;A2T7;356;M9012;Car+62(5);;peut-être;
Atlas Universel - Empire Russe (Asie septentrionale);Vivien de Saint-Martin & Fr. Schrader;Hachette & compagnie;Paris;Russie;;1:15000000;1 carte;administrative;1887;A2T7;356;M9013;Car+63;;peut-être;
Atlas Universel - Océanie;Vivien de Saint-Martin & Fr. Schrader;Hachette & compagnie;Paris;Océanie;;degrés;1 carte;administrative;1887;A2T7;357;M9014;Car+64;;peut-être;
Atlas Universel - Australie;Vivien de Saint-Martin & Fr. Schrader;Hachette & compagnie;Paris;Australie;;1:10000000;1 carte;administrative;1889;A2T7;358;M9015;Car+65;;peut-être;
Atlas Universel - Principaux archipels d'Océanie;Vivien de Saint-Martin & Fr. Schrader;Hachette & compagnie;Paris;Îles d'Océanie;;multiples;18 cartes;administrative;1885;A2T7;359;M9016;Car+66;;peut-être;
PICARDIA Regio Belgica [impression de mauvaise qualité];Ioanne Surhonio;Guillaume Blaeu;Amsterdam;Haute Picardie;;NR;1 carte;administrative;[XVIIe siècle];A2T7;360;NR;Car+67;;non;
DVNKERCKEN / DVNKERKA [photo archives de Dunkerque];Sanderus;NR;NR;Dunkerque;;Non applicable;2 vues cavalières;vue cavalière;1641;A2T7;361;NR;Car+68;;non;
ARTESIA COMITATVS Artois [impression de mauvaise qualité d'une carte de Blaeuw];Guillaume Blaeu;Guillaume Blaeu;Amsterdam;Comté d'Artois;;NR;1 carte;administrative;[XVIIe siècle];A2T7;362;[pas de cote];Car+69;;non;mauvaise qualité, emprise géographique sur Douai
Légende des fosses et forages;NR;NR;NR;Non applicable;;Non applicable;1 index cartographique;non applicable;[s.d.];A2T8;363;[pas de cote];Car+32;;oui;
Carte industrielle du Bassin houillier du Nord de la France;Compagnie de Noeux et Vicoigne;NR;NR;Non applicable;;Non applicable;1 légende cartographique;non applicable;1854;A2T8;364;[pas de cote];Car+32;;oui;
Régions agricoles de France - Feuille n°8;INSEE;NR;Paris;Sud-Ouest de la France;;1:500000;1 carte;administrative, industrielle;[sans date];A2T8;365;Dépôt État 12918;Car+42(8);;oui;
Régions agricoles de France - Feuille n°7;INSEE;NR;Paris;Est de la France;;1:500000;1 carte;administrative, industrielle;[sans date];A2T8;366;Dépôt État 12918;Car+42(7);;oui;
Régions agricoles de France - Feuille n°6;INSEE;NR;Paris;Centre de la France;;1:500000;1 carte;administrative, industrielle;[sans date];A2T8;367;Dépôt État 12918;Car+42(6);;oui;
Régions agricoles de France - Feuille n°5;INSEE;NR;Paris;Ouest de la France;;1:500000;1 carte;administrative, industrielle;[sans date];A2T8;368;Dépôt État 12918;Car+42(5);;oui;
Régions agricoles de France - Feuille n°4;INSEE;NR;Paris;Nord-est de la France;;1:500000;1 carte;administrative, industrielle;[sans date];A2T8;369;Dépôt État 12918;Car+42(4);;oui;
Régions agricoles de France - Feuille n°3;INSEE;NR;Paris;Bassin parisien;;1:500000;1 carte;administrative, industrielle;[sans date];A2T8;370;Dépôt État 12918;Car+42(3);;oui;
Régions agricoles de France - Feuille n°2;INSEE;NR;Paris;Bretagne;;1:500000;1 carte;administrative, industrielle;[sans date];A2T8;371;Dépôt État 12918;Car+42(2);;oui;
Régions agricoles de France - Feuille n°1;INSEE;NR;Paris;Nord de la France;;1:500000;1 carte;administrative, industrielle;[sans date];A2T8;371;Dépôt État 12918;Car+42(1);;oui;
[Carte industrielle et géologique du bassin houillire du nord de la France];Adrien de Braquemont;Imp. Kaeppelin;Paris;Région de Douai;;1:80000;1 carte;industrielle;[1854];A2T8;373;A4624;Car+41(2);;oui;
[Carte industrielle et géologique du bassin houillire du nord de la France];Adrien de Braquemont;Imp. Kaeppelin;Paris;Région de Douai;;1:80000;1 carte;industrielle;[1854];A2T8;374;A4624;Car+41(1);;oui;
Carte industrielle et géologique du bassin houillire du nord de la France;Compagnie de Noeux et Vicoigne;NR;NR;Non applicable;;Non applicable;1 index cartographique;industrielle;1854;A2T8;375;[pas de cote];Car+41;;oui;
Canada;Ministère de l'énergie, des mines et des ressources;Direction des levés et de la cartographie;Ottawa;Canada;;1:6336000;1 carte;transports;1966;A2T8;376;M3138;Car+40;;peut-être;
Carte topographique d'ensemble du bassin houillier du nord et du Pas-de-Calais;Paul Dutilleux;Paul Dutilleux;Douai;Bassin minier du nord de la France;;1:800000;1 carte;industrielle;[sans date];A2T8;377;A5004;Car+38;;prioritaire;
Scandinavian airlinees system;NR;Scandinavian airlines;Danemark;Scandinavie;;multiples;4 cartes;transports;[sans date];A2T8;378;M5145;Car+39;;non;
Carte du Nord de la France, administrative et routière;Ravet-Anceau;;Hellemmes;Nord de la France;;1:240000;1 carte;administrative, routière;[sans date];A2T8;379;M3244;Car+37;;oui;
[sans titre];NR;Scandinavian airlines;NR;Scandinavie;;multiples;4 cartes;physique, routière;[sans date];A2T8;380;[pas de cote];Car+36;;non;
Légende des fosses et forages;NR;NR;NR;Non applicable;;Non applicable;1 index cartographique;non applicable;[sans date];A2T8;381;[pas de cote];Car+35;;oui;
Carte industrielle et géologique du bassin houillire du nord de la France;Compagnie de Noeux et Vicoigne;NR;NR;Non applicable;;Non applicable;1 légende cartographique;non applicable;1854;A2T8;382;[pas de cote];Car+35;;oui;
[Carte industrielle et géologique du bassin houillire du nord de la France];Adrien de Braquemont;Imp. Kaeppelin;Paris;Région de Douai;;1:80000;1 carte;industrielle;[1854];A2T8;383;A4624;Car+35(2);;oui;
[Carte industrielle et géologique du bassin houillire du nord de la France];Adrien de Braquemont;Imp. Kaeppelin;Paris;Région de Douai;;1:80000;1 carte;industrielle;[1854];A2T8;384;A4624;Car+35(1);;oui;
[carte de cassini] - n°42;Cassini;NR;NR;Cambrai (environs);;xx;1 carte;physique, routière;[XVIIIe siècle];A2T8;385;A26670;Car+34;;oui;
[carte de cassini] - n°41;Cassini;NR;NR;Cambrai (environs);;xx;1 carte;physique, routière;[XVIIIe siècle];A2T8;386;A26669;Car+33;;oui;
[Carte industrielle et géologique du bassin houillire du nord de la France];Adrien de Braquemont;Imp. Kaeppelin;Paris;Région de Douai;;1:80000;1 carte;industrielle;[1854];A2T8;387;A4624;Car+32(2);;non;détruite
[Carte industrielle et géologique du bassin houillire du nord de la France];Adrien de Braquemont;Imp. Kaeppelin;Paris;Région de Douai;;1:80000;1 carte;industrielle;[1854];A2T8;388;A4624;Car+32(1);;oui;
Carte géologique détaillée de la France;Ministère des travaux publics;Imprimerie nationale;Paris;Non applicable;;Non applicable;9 feuilles;géologique;1873;A2T8;389;A4624;Car+31;;peut-être;
Béthune;IGN;IGN;Paris;Béthune (environs);;1:50000;1 carte;géologique;1956;A2T8;390;A16441;Car+30;;peut-être;
Carte des concessions houillères des provinces de Hainaut, de Namur et de Liège - feuille 1;Fritz Menger;Fritz Menger;NR;Belgique;;1:40000;1 carte;industrielle;[sans date];A2T8;391;A4624;Car+29(1);;oui;
Carte des concessions houillères des provinces de Hainaut, de Namur et de Liège - feuille 2;Fritz Menger;Fritz Menger;NR;Belgique;;1:40000;1 carte;industrielle;[sans date];A2T8;392;A4624;Car+29(2);;oui;
Carte des concessions houillères des provinces de Hainaut, de Namur et de Liège - feuille 3;Fritz Menger;Fritz Menger;NR;Belgique;;1:40000;1 carte;industrielle;[sans date];A2T8;393;A4624;Car+29(3);;oui;
Carte des concessions houillères des provinces de Hainaut, de Namur et de Liège - feuille 4;Fritz Menger;Fritz Menger;NR;Belgique;;1:40000;1 carte;industrielle;[sans date];A2T8;394;A4624;Car+29(4);;oui;
Carte des concessions houillères des provinces de Hainaut, de Namur et de Liège - feuille 5;Fritz Menger;Fritz Menger;NR;Belgique;;1:40000;1 carte;industrielle;[sans date];A2T8;395;A4624;Car+29(5);;oui;
Douai plan général;NR;NR;Douai;Douai;;3,513888889;1 carte;urbaine;1972;A2T8;396;;Car+27;;oui;
Laval (2eme édition);Officiers du Corps d'État Major;NR;Paris;Laval (53, environs);;1:80000;1 carte, 1 fascicule;géologique;1934;A2T8;397;A16443;Car+26;;non;
Cholet (2eme édition);Officiers du Corps d'État Major;NR;Paris;Cholet (79, environs);;1:80000;1 carte;géologique;1910;A2T8;398;A16444;Car+25;;non;
Carte géologique du département de la Guyane - Feuille Nord;B. Choubert;Société nationale de cartographie;Paris;Guyane (Nord);;1:500000;1 carte;géologique;[sans date];A2T8;399;A16445;Car+24;;non;
Pontivy (2ème édition);Officiers du Corps d'État Major;NR;Paris;Pontivy (environs);;1:80000;1 carte, 1 fascicule;géologique;1929;A2T8;400;A16442;Car+23;;non;
Terre Adélie - Cap Jules;Expédition polaire française;Expédition polaire française;Paris;Terre Adélie;;1:20000;1 carte;physique;1957;A2T8;401;M8806;Car+1;;oui;
Géographie glaciaire du Groenland;Paul-Emile Victor;Blondel La Rougery;Paris;Groenland;;1:5000000;1 carte;physique;1955;A2T8;402;M8799;Car+2;;oui;
Géographie glaciaire du Groenland;Paul-Emile Victor;Blondel La Rougery;Paris;Groenland;;1:5000000;1 carte;climatique;1954;A2T8;403;M8800;Car+3;;oui;
Expéditions polaires au Groenland;Paul-Emile Victor;Dorel;Paris;Groenland;;1:5000000;1 carte;physique;1953;A2T8;404;M8801;Car+4;;oui;
Rocher X;Paul-Emile Victor;IGN;Paris;Terre Adélie;;1:100000;1 carte;physique;1954;A2T8;405;M8812;Car+5(1);;oui;
Cap Pépin;Paul-Emile Victor;IGN;Paris;Terre Adélie;;1:100000;1 carte;physique;1954;A2T8;406;M8809;Car+5(2);;oui;
Pointe Géologique;Paul-Emile Victor;IGN;Paris;Terre Adélie;;1:100000;1 carte;physique;1954;A2T8;407;M8813;Car+5(3);;oui;
Port Martin;Paul-Emile Victor;IGN;Paris;Terre Adélie;;1:100000;1 carte;physique;1954;A2T8;408;M8811;Car+5(4);;oui;
Géographie glaciaire du Groenland;Paul-Emile Victor;Blondel La Rougery;Paris;Groenland;;1:5000000;1 carte;physique;1955;A2T8;409;M8803;Car+6;;oui;
Terre Adélie - Archipel de pointe géologie;Paul-Emile Victor;Blondel La Rougery;Paris;Terre Adélie;;3,513888889;1 carte;physique;1955;A2T8;410;M8807;Car+7;;oui;
Terre Adélie;IGN;IGN;Paris;Terre Adélie;;1:500000;1 carte;physique;1955;A2T8;411;M8808;Car+8;;oui;
Terre Adélie - Archipel de pointe géologie;Paul-Emile Victor;Blondel La Rougery;Paris;Terre Adélie;;3,513888889;1 carte;physique;1955;A2T8;410;M8804;Car+9;;oui;
Terre Adélie - Cap Bienvenue;Paul-Emile Victor;Expédition polaire française;Paris;Terre Adélie;;3,513888889;1 carte;physique;1957;A2T8;413;M8805;Car+10;;oui;
Expéditions polaires au Groenland;Paul-Emile Victor;Dorel;Paris;Groenland;;1:5000000;1 carte;physique;1953;A2T8;414;M8802;Car+11;;oui;
Terre Adélie - Port Martin;Expédition polaire française;Expédition polaire française;Paris;Terre Adélie;;1:20000;1 carte;physique;1955;A2T8;415;M8810;Car+12;;oui;
Carte spéciale d'une partie de la vallée de la Meuse;Institut cartographique militaire;NR;NR;Namur-Dinant;;1:40000;1 carte;routière;1900;A2T8;416;M8997;Car+13;;oui;
Carte tectonique de l'Eurasie;Emile Argand;Guy Onkelinx;Bruxelles;Eurasie;;1:25000000;1 carte;géologique;1922;A2T8;417;[pas de cote];Car+14;;peut-être;
Canada;Ministère de l'énergie, des mines et des ressources;Direction des levés et de la cartographie;Ottawa;Canada;;1:6336000;1 carte;administrative;1966;A2T8;418;[pas de cote];Car+15;;peut-être;
Carte topographique d'ensemble du bassin houillier du nord et du Pas-de-Calais;Paul Dutilleux;Paul Dutilleux;Douai;Bassin minier du nord de la France;;1:80000;1 carte;industrielle;1925;A2T8;419;[pas de cote];Car+16;;prioritaire;
Carte de la végétation de la France - Perpignan;Henri Gaussen;IGN;Paris;Roussillon;;1:200000;1 carte;physique;[sans date];A2T8;420;A10848;Car+17;;peut-être;
Carte de la végétation de la France - Le Puy;Jules Carles;IGN;Paris;Le Puy (43, environs);;1:200000;1 carte;physique;[sans date];A2T8;421;A10848;Car+18;;peut-être;
Carte de la végétation de la France - Toulouse;Henri Gaussen et Paul Rey;IGN;Paris;Toulouse (31, environs);;1:200000;1 carte;physique;[sans date];A2T8;422;A10848;Car+19;;peut-être;
Carte de la végétation de la France - Antibes;P. Ozenda;IGN;Paris;Antibes (06, environs);;1:200000;1 carte;physique;[sans date];A2T8;423;A10848;Car+20;;peut-être;
Carte géologique du département de La Réunion;Service géologique de la France;Service géologique de la France;Paris;La Réunion (974);;1:50000;4 cartes;physique;1957;A2T8;424;[pas de cote];Car+22;;peut-être;
