Titre;Périodicité;Nombre de volumes;Cote;Date de parution;
Vrai Gayant (Le);;;D3;1882-1884;
Libéral du Nord (Le);;;D4;1831-1871;
Bon douaisien  (Le);;;D5;1870;
Journal du Nord;;;D5;1871-1873;
Petit journal du Nord (Le);;;D5;1870-1871;
Gayant : Echo Douaisien Journal du Dimanche;;;D6;1858;
Ami du peuple (L');;;D7;1872-1886;
Courrier douaisien (Le);;;D8;1854-1877;
Gazette (La) de Douai et de l'arrondissement;;;D9;1877-1888;
Echo Douaisien;;;D10;1889-1913;
Bonhomme du Nord et du Pas de Calais (Le);;;D11;1919-1940;
Feuille de Douai (la);;;D12;1801-1846;
Réformiste (Le);;;D13;1849-1853;
Industrie (L') du Nord et du Pas-de-Calais;;;D14;1857-1868;
Mémorial de la scarpe;;;D15;1826-1848;
Indépendant (L') (Douai);;;D16;1849-1902;
Scarpe (La);;;D17;1925-1939;
Journal de Douai;;;D18;1890-1935;
Douai républicain;;;D19 ;1895-1913;
Le démocrate;;;D20;1900-1902;
Courrier républicain;;;D21;1903-1914;
Douai Scarpe;;;D22;1954-1962;
Triboulet;;;D23;1872-1873;
Douaisien (Le);;;D24;1878;
Petit douaisien (Le);;;D27;1914;
Vivre en Douaisis;;;D28;;
Journal de Carrefour;;;D29;1986;
Douai illustré;;;D30;1894;
Galibot (Le);;;D32;;
Observateur du douaisis;;;D36;en cours;
Info Zinzinc (Compagnie Royale Asturienne des Mines);;;D10028;1980-1984;
Mémoires de la sasa;;;D10014;en cours;
Amis de Douai (Les);;;D10021;en cours;
Revue Douaisienne (La);;;D10025;1931-1933;
Douai Mines;;;D10033;1956-1987;
Relais;;;D10035;1969-1987;
Annuaire Douai Ravet Anceau;;;D10057;1955-1982;
Bulletin du groupe de recherche et d'études pédagogiques;;;D10068;1982-1987;
Amicale de la police;;;D10078;1967-1995;
Association amicale des anciens éléves des Mines;;;D10105;1972-2007;
Dialogue;;;D10137;1984-1998;
Clocher douaisien ;;;D10159;1977-1987;
Revue Douaisienne (La);;;D10175;1897;
Joyeux Blancs-mouchons (les);;;D10199;30103;
Passerelle (La) bulletin  de liaison du personnel de la société Arbel;;;D10216;1977;
Chambre de commerce et d'industrie de Douai;;;D10237;02/1984-;
Nord : Bulletin de l'atelier creation - Production de l'école municipale des beaux-arts de Douai;;;D10238;1984;
Chantelair;;;D10272;1-15/2/1934;
Caméra;;;D10281;1987-2001;
Douai gratis;;;D10344;1894-1895;
Douai nouveau;;;D10344;1895-1898;
E.G.P. (journal de l'association amicale et philantropique de Douai…);;;D10345;1949-1955;
Voici saint-Jean;;;D10347;1978-;
Férin : Informations municipales;;;D10348;1983;
Emmaus;;;D10349;1983-1986;
Clin d'œil - autre regard;;;D10350;1980-1985;
Conservatoire de musique ;;;D10351;1946-1968;
Douai - conseil municipal;;;D10352;1983-1994;
Douai consommateurs;;;D10353;1978-en cours;
Gazette du consommateur (La) : UFC - Que Choisir - Douai;;;D10353;en cours;
Lettre d'information de votre maire : Ville de Douai;;;D10359;1978-;
Chaberloque;;;D10360;1980-1982;
Bulletin de l'association amicale des anciens élèves Beaux arts  de Douai;;;D10361;1933-1935;
Douai Europe;;;D10362;1956-2001;
Avenir du douaisis (L');;;D10363;1979-1986;
Douai demain;;;D10364;juin 1980- juin 1982;
Dits de l'agache;;;D10366;1981-1982;
Amis du vieux Somain (Les);;;D116;1961-1977;
Vie de château (La);;;D10372;1982-1984;
Gazette de la Gorge bleue;;;D10373;;
Couac: le journal de Berthe le canard;;;D10374;1982-1983;
Douai-accueil;;;D10375;1977-1984;
Ecriture en images;;;D10387;1984-1985;
Ravet anceau. Artois-Douaisis;;;D10395;1988-;
Douaisis généalogie;;;D10517;1991-2012;
Lien généalogique du Douaisis;;;D10517;2013-2015;
Epure (Journal de l'eau du Douaisis);;;D10518;1993-1998;
Lettre (la) des villes jumelées;;;D10519;1992-;
Contre courant le magazine de l'eau;;;D10521;;
Annuaire du ressort de la cour d'appel;;;D100068;1854-1872;
Recueil des arrets de la cour royale de Douai;;;D100094;1835-1842;
Annuaire général de la ville de Douai et de son arrondissement;;;D100131;1857-1913;
Commerçant douaisien (Le);;;D100424;1966-1984;
Lycée de garçons de Douai;;;D100426;1829-1899;
Bulletin agricole de l'arrondissement de Douai;;;D100446;1855-1899;
Salon des artistes douaisiens;;;D100603;1957-;
Annuaire ancien élèves lycée Douai;;;D100609;1930-1982;
Cour d'appel de Douai procés verbal d'installation du procureur général ;;;D100718;1825-1880;
Bulletin paroissial collégiale St Pierre;;;D100722;1931 n°1;
Bulletin intérieur (MRAP);;;D100734;1985-1987;
Cour d'appel de Douai audience sollennelle de rentrée;;;D100772;1838;
Cour d'appel de Douai installation procés verbal du premier président;;;D100773;1850-1874;
Etudes Valmoriennes;;;D100783;1983-1984;
Bulletin de l'amicale des anciennes élèves de l'Ecole Normale…;;;D100802;1974-en cours;
Bulletin Deforest de Lewarde ;;;D100803;1968-1992;
Bulletin de la chambre de commerce de Douai ;;;D100818;1892-1909;
Bulletin de la société d'horticulture du Douaisis;;;D100819;1925-1957;
Annuaire E.N.T.I.M.D.;;;D100825;"1980;1982";
Bulletin de la société photographique du Nord de la France;;;D100843;1891-1892;
Cent mille adresses de Douai;;;D100853;1922;
Séance annuelle de rentrée des facultés de Douai;;;D100881;1856-1887;
Salon douaisien, Journal de la littérature des sciences et des arts de la Flandre française;;;D100913;1843;
Annuaire de la cour impérial…;;;D101077;1862;
Annuaire de la cour appel …;;;D101078;1839-1855;
Annuaire général et almanach de Douai…;;;D101079;1860;
Annuaire com. Ind. Magistrature;;;D101080;1861;
